week,sku,units_on_hand
2026-W06,MRL-CB-TAN,578
2026-W07,MRL-CB-TAN,490
2026-W08,MRL-CB-TAN,389
2026-W09,MRL-CB-TAN,284
2026-W10,MRL-CB-TAN,180
2026-W11,MRL-CB-TAN,94
2026-W12,MRL-CB-TAN,213
2026-W13,MRL-CB-TAN,115
2026-W14,MRL-CB-TAN,213
2026-W15,MRL-CB-TAN,118
2026-W16,MRL-CB-TAN,195
2026-W17,MRL-CB-TAN,100
2026-W18,MRL-CB-TAN,204
2026-W19,MRL-CB-TAN,109
2026-W20,MRL-CB-TAN,194
2026-W21,MRL-CB-TAN,49
2026-W22,MRL-CB-TAN,127
2026-W23,MRL-CB-TAN,4
2026-W24,MRL-CB-TAN,126
2026-W25,MRL-CB-TAN,0
2026-W26,MRL-CB-TAN,150
2026-W27,MRL-CB-TAN,80
2026-W28,MRL-CB-TAN,3
2026-W29,MRL-CB-TAN,0
2026-W30,MRL-CB-TAN,0
2026-W31,MRL-CB-TAN,0
2026-W06,MRL-CB-BLK,731
2026-W07,MRL-CB-BLK,613
2026-W08,MRL-CB-BLK,490
2026-W09,MRL-CB-BLK,352
2026-W10,MRL-CB-BLK,212
2026-W11,MRL-CB-BLK,84
2026-W12,MRL-CB-BLK,645
2026-W13,MRL-CB-BLK,507
2026-W14,MRL-CB-BLK,391
2026-W15,MRL-CB-BLK,261
2026-W16,MRL-CB-BLK,139
2026-W17,MRL-CB-BLK,580
2026-W18,MRL-CB-BLK,466
2026-W19,MRL-CB-BLK,339
2026-W20,MRL-CB-BLK,223
2026-W21,MRL-CB-BLK,61
2026-W22,MRL-CB-BLK,537
2026-W23,MRL-CB-BLK,362
2026-W24,MRL-CB-BLK,186
2026-W25,MRL-CB-BLK,7
2026-W26,MRL-CB-BLK,528
2026-W27,MRL-CB-BLK,443
2026-W28,MRL-CB-BLK,348
2026-W29,MRL-CB-BLK,252
2026-W30,MRL-CB-BLK,164
2026-W31,MRL-CB-BLK,705
2026-W06,MRL-CB-CRM,465
2026-W07,MRL-CB-CRM,382
2026-W08,MRL-CB-CRM,298
2026-W09,MRL-CB-CRM,215
2026-W10,MRL-CB-CRM,126
2026-W11,MRL-CB-CRM,444
2026-W12,MRL-CB-CRM,356
2026-W13,MRL-CB-CRM,280
2026-W14,MRL-CB-CRM,202
2026-W15,MRL-CB-CRM,124
2026-W16,MRL-CB-CRM,49
2026-W17,MRL-CB-CRM,384
2026-W18,MRL-CB-CRM,312
2026-W19,MRL-CB-CRM,233
2026-W20,MRL-CB-CRM,144
2026-W21,MRL-CB-CRM,46
2026-W22,MRL-CB-CRM,390
2026-W23,MRL-CB-CRM,309
2026-W24,MRL-CB-CRM,224
2026-W25,MRL-CB-CRM,138
2026-W26,MRL-CB-CRM,42
2026-W27,MRL-CB-CRM,391
2026-W28,MRL-CB-CRM,312
2026-W29,MRL-CB-CRM,233
2026-W30,MRL-CB-CRM,155
2026-W31,MRL-CB-CRM,70
2026-W06,MRL-CB-OLV,249
2026-W07,MRL-CB-OLV,210
2026-W08,MRL-CB-OLV,169
2026-W09,MRL-CB-OLV,121
2026-W10,MRL-CB-OLV,78
2026-W11,MRL-CB-OLV,32
2026-W12,MRL-CB-OLV,225
2026-W13,MRL-CB-OLV,180
2026-W14,MRL-CB-OLV,134
2026-W15,MRL-CB-OLV,88
2026-W16,MRL-CB-OLV,44
2026-W17,MRL-CB-OLV,209
2026-W18,MRL-CB-OLV,166
2026-W19,MRL-CB-OLV,125
2026-W20,MRL-CB-OLV,79
2026-W21,MRL-CB-OLV,26
2026-W22,MRL-CB-OLV,210
2026-W23,MRL-CB-OLV,160
2026-W24,MRL-CB-OLV,108
2026-W25,MRL-CB-OLV,60
2026-W26,MRL-CB-OLV,209
2026-W27,MRL-CB-OLV,169
2026-W28,MRL-CB-OLV,123
2026-W29,MRL-CB-OLV,78
2026-W30,MRL-CB-OLV,36
2026-W31,MRL-CB-OLV,226
2026-W06,SIE-TT-BLK,415
2026-W07,SIE-TT-BLK,350
2026-W08,SIE-TT-BLK,277
2026-W09,SIE-TT-BLK,203
2026-W10,SIE-TT-BLK,132
2026-W11,SIE-TT-BLK,59
2026-W12,SIE-TT-BLK,365
2026-W13,SIE-TT-BLK,288
2026-W14,SIE-TT-BLK,219
2026-W15,SIE-TT-BLK,148
2026-W16,SIE-TT-BLK,78
2026-W17,SIE-TT-BLK,350
2026-W18,SIE-TT-BLK,274
2026-W19,SIE-TT-BLK,208
2026-W20,SIE-TT-BLK,129
2026-W21,SIE-TT-BLK,18
2026-W22,SIE-TT-BLK,315
2026-W23,SIE-TT-BLK,210
2026-W24,SIE-TT-BLK,104
2026-W25,SIE-TT-BLK,2
2026-W26,SIE-TT-BLK,324
2026-W27,SIE-TT-BLK,273
2026-W28,SIE-TT-BLK,223
2026-W29,SIE-TT-BLK,167
2026-W30,SIE-TT-BLK,118
2026-W31,SIE-TT-BLK,419
2026-W06,SIE-TT-TAN,323
2026-W07,SIE-TT-TAN,266
2026-W08,SIE-TT-TAN,206
2026-W09,SIE-TT-TAN,142
2026-W10,SIE-TT-TAN,79
2026-W11,SIE-TT-TAN,303
2026-W12,SIE-TT-TAN,243
2026-W13,SIE-TT-TAN,185
2026-W14,SIE-TT-TAN,134
2026-W15,SIE-TT-TAN,81
2026-W16,SIE-TT-TAN,265
2026-W17,SIE-TT-TAN,211
2026-W18,SIE-TT-TAN,152
2026-W19,SIE-TT-TAN,100
2026-W20,SIE-TT-TAN,38
2026-W21,SIE-TT-TAN,251
2026-W22,SIE-TT-TAN,194
2026-W23,SIE-TT-TAN,132
2026-W24,SIE-TT-TAN,62
2026-W25,SIE-TT-TAN,244
2026-W26,SIE-TT-TAN,183
2026-W27,SIE-TT-TAN,134
2026-W28,SIE-TT-TAN,73
2026-W29,SIE-TT-TAN,262
2026-W30,SIE-TT-TAN,207
2026-W31,SIE-TT-TAN,151
2026-W06,SIE-TT-NVY,227
2026-W07,SIE-TT-NVY,192
2026-W08,SIE-TT-NVY,150
2026-W09,SIE-TT-NVY,111
2026-W10,SIE-TT-NVY,74
2026-W11,SIE-TT-NVY,36
2026-W12,SIE-TT-NVY,205
2026-W13,SIE-TT-NVY,165
2026-W14,SIE-TT-NVY,126
2026-W15,SIE-TT-NVY,85
2026-W16,SIE-TT-NVY,44
2026-W17,SIE-TT-NVY,189
2026-W18,SIE-TT-NVY,148
2026-W19,SIE-TT-NVY,107
2026-W20,SIE-TT-NVY,69
2026-W21,SIE-TT-NVY,22
2026-W22,SIE-TT-NVY,191
2026-W23,SIE-TT-NVY,148
2026-W24,SIE-TT-NVY,103
2026-W25,SIE-TT-NVY,55
2026-W26,SIE-TT-NVY,14
2026-W27,SIE-TT-NVY,196
2026-W28,SIE-TT-NVY,157
2026-W29,SIE-TT-NVY,118
2026-W30,SIE-TT-NVY,78
2026-W31,SIE-TT-NVY,43
2026-W06,PIP-CL-BLK,264
2026-W07,PIP-CL-BLK,217
2026-W08,PIP-CL-BLK,168
2026-W09,PIP-CL-BLK,122
2026-W10,PIP-CL-BLK,76
2026-W11,PIP-CL-BLK,256
2026-W12,PIP-CL-BLK,209
2026-W13,PIP-CL-BLK,165
2026-W14,PIP-CL-BLK,117
2026-W15,PIP-CL-BLK,70
2026-W16,PIP-CL-BLK,22
2026-W17,PIP-CL-BLK,209
2026-W18,PIP-CL-BLK,168
2026-W19,PIP-CL-BLK,124
2026-W20,PIP-CL-BLK,81
2026-W21,PIP-CL-BLK,31
2026-W22,PIP-CL-BLK,221
2026-W23,PIP-CL-BLK,167
2026-W24,PIP-CL-BLK,114
2026-W25,PIP-CL-BLK,63
2026-W26,PIP-CL-BLK,225
2026-W27,PIP-CL-BLK,182
2026-W28,PIP-CL-BLK,139
2026-W29,PIP-CL-BLK,95
2026-W30,PIP-CL-BLK,49
2026-W31,PIP-CL-BLK,231
2026-W06,PIP-CL-GLD,161
2026-W07,PIP-CL-GLD,135
2026-W08,PIP-CL-GLD,104
2026-W09,PIP-CL-GLD,73
2026-W10,PIP-CL-GLD,44
2026-W11,PIP-CL-GLD,156
2026-W12,PIP-CL-GLD,130
2026-W13,PIP-CL-GLD,102
2026-W14,PIP-CL-GLD,75
2026-W15,PIP-CL-GLD,49
2026-W16,PIP-CL-GLD,23
2026-W17,PIP-CL-GLD,135
2026-W18,PIP-CL-GLD,109
2026-W19,PIP-CL-GLD,84
2026-W20,PIP-CL-GLD,55
2026-W21,PIP-CL-GLD,21
2026-W22,PIP-CL-GLD,132
2026-W23,PIP-CL-GLD,102
2026-W24,PIP-CL-GLD,69
2026-W25,PIP-CL-GLD,36
2026-W26,PIP-CL-GLD,133
2026-W27,PIP-CL-GLD,105
2026-W28,PIP-CL-GLD,78
2026-W29,PIP-CL-GLD,50
2026-W30,PIP-CL-GLD,24
2026-W31,PIP-CL-GLD,145
2026-W06,AST-BP-BLK,347
2026-W07,AST-BP-BLK,292
2026-W08,AST-BP-BLK,231
2026-W09,AST-BP-BLK,165
2026-W10,AST-BP-BLK,104
2026-W11,AST-BP-BLK,45
2026-W12,AST-BP-BLK,311
2026-W13,AST-BP-BLK,248
2026-W14,AST-BP-BLK,187
2026-W15,AST-BP-BLK,130
2026-W16,AST-BP-BLK,70
2026-W17,AST-BP-BLK,285
2026-W18,AST-BP-BLK,229
2026-W19,AST-BP-BLK,173
2026-W20,AST-BP-BLK,117
2026-W21,AST-BP-BLK,53
2026-W22,AST-BP-BLK,293
2026-W23,AST-BP-BLK,227
2026-W24,AST-BP-BLK,162
2026-W25,AST-BP-BLK,89
2026-W26,AST-BP-BLK,27
2026-W27,AST-BP-BLK,306
2026-W28,AST-BP-BLK,250
2026-W29,AST-BP-BLK,194
2026-W30,AST-BP-BLK,139
2026-W31,AST-BP-BLK,78
2026-W06,AST-BP-GRY,201
2026-W07,AST-BP-GRY,170
2026-W08,AST-BP-GRY,137
2026-W09,AST-BP-GRY,97
2026-W10,AST-BP-GRY,57
2026-W11,AST-BP-GRY,22
2026-W12,AST-BP-GRY,181
2026-W13,AST-BP-GRY,148
2026-W14,AST-BP-GRY,113
2026-W15,AST-BP-GRY,76
2026-W16,AST-BP-GRY,38
2026-W17,AST-BP-GRY,167
2026-W18,AST-BP-GRY,133
2026-W19,AST-BP-GRY,99
2026-W20,AST-BP-GRY,63
2026-W21,AST-BP-GRY,20
2026-W22,AST-BP-GRY,171
2026-W23,AST-BP-GRY,130
2026-W24,AST-BP-GRY,89
2026-W25,AST-BP-GRY,50
2026-W26,AST-BP-GRY,170
2026-W27,AST-BP-GRY,137
2026-W28,AST-BP-GRY,100
2026-W29,AST-BP-GRY,62
2026-W30,AST-BP-GRY,25
2026-W31,AST-BP-GRY,182
2026-W06,JUN-BK-TAN,286
2026-W07,JUN-BK-TAN,237
2026-W08,JUN-BK-TAN,191
2026-W09,JUN-BK-TAN,143
2026-W10,JUN-BK-TAN,91
2026-W11,JUN-BK-TAN,40
2026-W12,JUN-BK-TAN,251
2026-W13,JUN-BK-TAN,205
2026-W14,JUN-BK-TAN,161
2026-W15,JUN-BK-TAN,116
2026-W16,JUN-BK-TAN,71
2026-W17,JUN-BK-TAN,233
2026-W18,JUN-BK-TAN,183
2026-W19,JUN-BK-TAN,136
2026-W20,JUN-BK-TAN,91
2026-W21,JUN-BK-TAN,30
2026-W22,JUN-BK-TAN,234
2026-W23,JUN-BK-TAN,176
2026-W24,JUN-BK-TAN,124
2026-W25,JUN-BK-TAN,66
2026-W26,JUN-BK-TAN,7
2026-W27,JUN-BK-TAN,238
2026-W28,JUN-BK-TAN,192
2026-W29,JUN-BK-TAN,145
2026-W30,JUN-BK-TAN,100
2026-W31,JUN-BK-TAN,55
2026-W06,JUN-BK-BLK,311
2026-W07,JUN-BK-BLK,259
2026-W08,JUN-BK-BLK,208
2026-W09,JUN-BK-BLK,153
2026-W10,JUN-BK-BLK,96
2026-W11,JUN-BK-BLK,44
2026-W12,JUN-BK-BLK,281
2026-W13,JUN-BK-BLK,228
2026-W14,JUN-BK-BLK,172
2026-W15,JUN-BK-BLK,121
2026-W16,JUN-BK-BLK,70
2026-W17,JUN-BK-BLK,259
2026-W18,JUN-BK-BLK,210
2026-W19,JUN-BK-BLK,157
2026-W20,JUN-BK-BLK,84
2026-W21,JUN-BK-BLK,0
2026-W22,JUN-BK-BLK,213
2026-W23,JUN-BK-BLK,128
2026-W24,JUN-BK-BLK,43
2026-W25,JUN-BK-BLK,187
2026-W26,JUN-BK-BLK,106
2026-W27,JUN-BK-BLK,32
2026-W28,JUN-BK-BLK,214
2026-W29,JUN-BK-BLK,141
2026-W30,JUN-BK-BLK,78
2026-W31,JUN-BK-BLK,12
2026-W06,ELL-MN-BLK,380
2026-W07,ELL-MN-BLK,319
2026-W08,ELL-MN-BLK,251
2026-W09,ELL-MN-BLK,185
2026-W10,ELL-MN-BLK,124
2026-W11,ELL-MN-BLK,64
2026-W12,ELL-MN-BLK,337
2026-W13,ELL-MN-BLK,270
2026-W14,ELL-MN-BLK,212
2026-W15,ELL-MN-BLK,143
2026-W16,ELL-MN-BLK,83
2026-W17,ELL-MN-BLK,319
2026-W18,ELL-MN-BLK,260
2026-W19,ELL-MN-BLK,201
2026-W20,ELL-MN-BLK,156
2026-W21,ELL-MN-BLK,107
2026-W22,ELL-MN-BLK,366
2026-W23,ELL-MN-BLK,317
2026-W24,ELL-MN-BLK,268
2026-W25,ELL-MN-BLK,219
2026-W26,ELL-MN-BLK,171
2026-W27,ELL-MN-BLK,124
2026-W28,ELL-MN-BLK,79
2026-W29,ELL-MN-BLK,347
2026-W30,ELL-MN-BLK,303
2026-W31,ELL-MN-BLK,260
2026-W06,ELL-MN-PNK,187
2026-W07,ELL-MN-PNK,157
2026-W08,ELL-MN-PNK,124
2026-W09,ELL-MN-PNK,88
2026-W10,ELL-MN-PNK,57
2026-W11,ELL-MN-PNK,27
2026-W12,ELL-MN-PNK,164
2026-W13,ELL-MN-PNK,134
2026-W14,ELL-MN-PNK,105
2026-W15,ELL-MN-PNK,74
2026-W16,ELL-MN-PNK,43
2026-W17,ELL-MN-PNK,155
2026-W18,ELL-MN-PNK,123
2026-W19,ELL-MN-PNK,95
2026-W20,ELL-MN-PNK,63
2026-W21,ELL-MN-PNK,23
2026-W22,ELL-MN-PNK,153
2026-W23,ELL-MN-PNK,115
2026-W24,ELL-MN-PNK,77
2026-W25,ELL-MN-PNK,39
2026-W26,ELL-MN-PNK,151
2026-W27,ELL-MN-PNK,121
2026-W28,ELL-MN-PNK,90
2026-W29,ELL-MN-PNK,60
2026-W30,ELL-MN-PNK,29
2026-W31,ELL-MN-PNK,163
2026-W06,NAD-LF-BLK-35,361
2026-W07,NAD-LF-BLK-35,353
2026-W08,NAD-LF-BLK-35,345
2026-W09,NAD-LF-BLK-35,335
2026-W10,NAD-LF-BLK-35,326
2026-W11,NAD-LF-BLK-35,318
2026-W12,NAD-LF-BLK-35,310
2026-W13,NAD-LF-BLK-35,302
2026-W14,NAD-LF-BLK-35,294
2026-W15,NAD-LF-BLK-35,286
2026-W16,NAD-LF-BLK-35,277
2026-W17,NAD-LF-BLK-35,268
2026-W18,NAD-LF-BLK-35,260
2026-W19,NAD-LF-BLK-35,252
2026-W20,NAD-LF-BLK-35,244
2026-W21,NAD-LF-BLK-35,234
2026-W22,NAD-LF-BLK-35,224
2026-W23,NAD-LF-BLK-35,215
2026-W24,NAD-LF-BLK-35,206
2026-W25,NAD-LF-BLK-35,197
2026-W26,NAD-LF-BLK-35,187
2026-W27,NAD-LF-BLK-35,178
2026-W28,NAD-LF-BLK-35,170
2026-W29,NAD-LF-BLK-35,162
2026-W30,NAD-LF-BLK-35,154
2026-W31,NAD-LF-BLK-35,146
2026-W06,NAD-LF-BLK-36,109
2026-W07,NAD-LF-BLK-36,92
2026-W08,NAD-LF-BLK-36,74
2026-W09,NAD-LF-BLK-36,55
2026-W10,NAD-LF-BLK-36,36
2026-W11,NAD-LF-BLK-36,18
2026-W12,NAD-LF-BLK-36,95
2026-W13,NAD-LF-BLK-36,77
2026-W14,NAD-LF-BLK-36,59
2026-W15,NAD-LF-BLK-36,41
2026-W16,NAD-LF-BLK-36,21
2026-W17,NAD-LF-BLK-36,86
2026-W18,NAD-LF-BLK-36,67
2026-W19,NAD-LF-BLK-36,49
2026-W20,NAD-LF-BLK-36,30
2026-W21,NAD-LF-BLK-36,9
2026-W22,NAD-LF-BLK-36,0
2026-W23,NAD-LF-BLK-36,0
2026-W24,NAD-LF-BLK-36,0
2026-W25,NAD-LF-BLK-36,0
2026-W26,NAD-LF-BLK-36,0
2026-W27,NAD-LF-BLK-36,0
2026-W28,NAD-LF-BLK-36,0
2026-W29,NAD-LF-BLK-36,0
2026-W30,NAD-LF-BLK-36,0
2026-W31,NAD-LF-BLK-36,0
2026-W06,NAD-LF-BLK-37,129
2026-W07,NAD-LF-BLK-37,109
2026-W08,NAD-LF-BLK-37,85
2026-W09,NAD-LF-BLK-37,62
2026-W10,NAD-LF-BLK-37,39
2026-W11,NAD-LF-BLK-37,17
2026-W12,NAD-LF-BLK-37,113
2026-W13,NAD-LF-BLK-37,91
2026-W14,NAD-LF-BLK-37,68
2026-W15,NAD-LF-BLK-37,48
2026-W16,NAD-LF-BLK-37,25
2026-W17,NAD-LF-BLK-37,104
2026-W18,NAD-LF-BLK-37,83
2026-W19,NAD-LF-BLK-37,63
2026-W20,NAD-LF-BLK-37,42
2026-W21,NAD-LF-BLK-37,14
2026-W22,NAD-LF-BLK-37,0
2026-W23,NAD-LF-BLK-37,0
2026-W24,NAD-LF-BLK-37,0
2026-W25,NAD-LF-BLK-37,0
2026-W26,NAD-LF-BLK-37,0
2026-W27,NAD-LF-BLK-37,0
2026-W28,NAD-LF-BLK-37,0
2026-W29,NAD-LF-BLK-37,0
2026-W30,NAD-LF-BLK-37,0
2026-W31,NAD-LF-BLK-37,0
2026-W06,NAD-LF-BLK-38,108
2026-W07,NAD-LF-BLK-38,89
2026-W08,NAD-LF-BLK-38,72
2026-W09,NAD-LF-BLK-38,51
2026-W10,NAD-LF-BLK-38,30
2026-W11,NAD-LF-BLK-38,11
2026-W12,NAD-LF-BLK-38,98
2026-W13,NAD-LF-BLK-38,80
2026-W14,NAD-LF-BLK-38,63
2026-W15,NAD-LF-BLK-38,46
2026-W16,NAD-LF-BLK-38,25
2026-W17,NAD-LF-BLK-38,4
2026-W18,NAD-LF-BLK-38,94
2026-W19,NAD-LF-BLK-38,74
2026-W20,NAD-LF-BLK-38,53
2026-W21,NAD-LF-BLK-38,31
2026-W22,NAD-LF-BLK-38,8
2026-W23,NAD-LF-BLK-38,0
2026-W24,NAD-LF-BLK-38,0
2026-W25,NAD-LF-BLK-38,0
2026-W26,NAD-LF-BLK-38,0
2026-W27,NAD-LF-BLK-38,0
2026-W28,NAD-LF-BLK-38,0
2026-W29,NAD-LF-BLK-38,0
2026-W30,NAD-LF-BLK-38,0
2026-W31,NAD-LF-BLK-38,0
2026-W06,NAD-LF-BLK-39,506
2026-W07,NAD-LF-BLK-39,494
2026-W08,NAD-LF-BLK-39,482
2026-W09,NAD-LF-BLK-39,469
2026-W10,NAD-LF-BLK-39,457
2026-W11,NAD-LF-BLK-39,445
2026-W12,NAD-LF-BLK-39,434
2026-W13,NAD-LF-BLK-39,422
2026-W14,NAD-LF-BLK-39,412
2026-W15,NAD-LF-BLK-39,400
2026-W16,NAD-LF-BLK-39,388
2026-W17,NAD-LF-BLK-39,375
2026-W18,NAD-LF-BLK-39,363
2026-W19,NAD-LF-BLK-39,351
2026-W20,NAD-LF-BLK-39,339
2026-W21,NAD-LF-BLK-39,324
2026-W22,NAD-LF-BLK-39,312
2026-W23,NAD-LF-BLK-39,299
2026-W24,NAD-LF-BLK-39,284
2026-W25,NAD-LF-BLK-39,270
2026-W26,NAD-LF-BLK-39,257
2026-W27,NAD-LF-BLK-39,246
2026-W28,NAD-LF-BLK-39,233
2026-W29,NAD-LF-BLK-39,220
2026-W30,NAD-LF-BLK-39,208
2026-W31,NAD-LF-BLK-39,196
2026-W06,NAD-LF-BLK-40,216
2026-W07,NAD-LF-BLK-40,211
2026-W08,NAD-LF-BLK-40,206
2026-W09,NAD-LF-BLK-40,201
2026-W10,NAD-LF-BLK-40,195
2026-W11,NAD-LF-BLK-40,190
2026-W12,NAD-LF-BLK-40,185
2026-W13,NAD-LF-BLK-40,180
2026-W14,NAD-LF-BLK-40,176
2026-W15,NAD-LF-BLK-40,171
2026-W16,NAD-LF-BLK-40,165
2026-W17,NAD-LF-BLK-40,160
2026-W18,NAD-LF-BLK-40,155
2026-W19,NAD-LF-BLK-40,150
2026-W20,NAD-LF-BLK-40,145
2026-W21,NAD-LF-BLK-40,138
2026-W22,NAD-LF-BLK-40,133
2026-W23,NAD-LF-BLK-40,127
2026-W24,NAD-LF-BLK-40,121
2026-W25,NAD-LF-BLK-40,115
2026-W26,NAD-LF-BLK-40,110
2026-W27,NAD-LF-BLK-40,105
2026-W28,NAD-LF-BLK-40,100
2026-W29,NAD-LF-BLK-40,95
2026-W30,NAD-LF-BLK-40,90
2026-W31,NAD-LF-BLK-40,85
2026-W06,NAD-LF-TAN-35,255
2026-W07,NAD-LF-TAN-35,249
2026-W08,NAD-LF-TAN-35,242
2026-W09,NAD-LF-TAN-35,236
2026-W10,NAD-LF-TAN-35,230
2026-W11,NAD-LF-TAN-35,224
2026-W12,NAD-LF-TAN-35,218
2026-W13,NAD-LF-TAN-35,212
2026-W14,NAD-LF-TAN-35,207
2026-W15,NAD-LF-TAN-35,202
2026-W16,NAD-LF-TAN-35,196
2026-W17,NAD-LF-TAN-35,189
2026-W18,NAD-LF-TAN-35,184
2026-W19,NAD-LF-TAN-35,178
2026-W20,NAD-LF-TAN-35,171
2026-W21,NAD-LF-TAN-35,165
2026-W22,NAD-LF-TAN-35,159
2026-W23,NAD-LF-TAN-35,152
2026-W24,NAD-LF-TAN-35,144
2026-W25,NAD-LF-TAN-35,137
2026-W26,NAD-LF-TAN-35,130
2026-W27,NAD-LF-TAN-35,125
2026-W28,NAD-LF-TAN-35,119
2026-W29,NAD-LF-TAN-35,112
2026-W30,NAD-LF-TAN-35,107
2026-W31,NAD-LF-TAN-35,102
2026-W06,NAD-LF-TAN-36,76
2026-W07,NAD-LF-TAN-36,64
2026-W08,NAD-LF-TAN-36,52
2026-W09,NAD-LF-TAN-36,37
2026-W10,NAD-LF-TAN-36,22
2026-W11,NAD-LF-TAN-36,9
2026-W12,NAD-LF-TAN-36,68
2026-W13,NAD-LF-TAN-36,54
2026-W14,NAD-LF-TAN-36,41
2026-W15,NAD-LF-TAN-36,28
2026-W16,NAD-LF-TAN-36,14
2026-W17,NAD-LF-TAN-36,62
2026-W18,NAD-LF-TAN-36,50
2026-W19,NAD-LF-TAN-36,38
2026-W20,NAD-LF-TAN-36,24
2026-W21,NAD-LF-TAN-36,10
2026-W22,NAD-LF-TAN-36,0
2026-W23,NAD-LF-TAN-36,0
2026-W24,NAD-LF-TAN-36,0
2026-W25,NAD-LF-TAN-36,0
2026-W26,NAD-LF-TAN-36,0
2026-W27,NAD-LF-TAN-36,0
2026-W28,NAD-LF-TAN-36,0
2026-W29,NAD-LF-TAN-36,0
2026-W30,NAD-LF-TAN-36,0
2026-W31,NAD-LF-TAN-36,0
2026-W06,NAD-LF-TAN-37,92
2026-W07,NAD-LF-TAN-37,77
2026-W08,NAD-LF-TAN-37,63
2026-W09,NAD-LF-TAN-37,48
2026-W10,NAD-LF-TAN-37,31
2026-W11,NAD-LF-TAN-37,16
2026-W12,NAD-LF-TAN-37,82
2026-W13,NAD-LF-TAN-37,68
2026-W14,NAD-LF-TAN-37,53
2026-W15,NAD-LF-TAN-37,38
2026-W16,NAD-LF-TAN-37,23
2026-W17,NAD-LF-TAN-37,8
2026-W18,NAD-LF-TAN-37,80
2026-W19,NAD-LF-TAN-37,64
2026-W20,NAD-LF-TAN-37,49
2026-W21,NAD-LF-TAN-37,32
2026-W22,NAD-LF-TAN-37,16
2026-W23,NAD-LF-TAN-37,0
2026-W24,NAD-LF-TAN-37,0
2026-W25,NAD-LF-TAN-37,0
2026-W26,NAD-LF-TAN-37,0
2026-W27,NAD-LF-TAN-37,0
2026-W28,NAD-LF-TAN-37,0
2026-W29,NAD-LF-TAN-37,0
2026-W30,NAD-LF-TAN-37,0
2026-W31,NAD-LF-TAN-37,0
2026-W06,NAD-LF-TAN-38,77
2026-W07,NAD-LF-TAN-38,64
2026-W08,NAD-LF-TAN-38,51
2026-W09,NAD-LF-TAN-38,36
2026-W10,NAD-LF-TAN-38,22
2026-W11,NAD-LF-TAN-38,8
2026-W12,NAD-LF-TAN-38,67
2026-W13,NAD-LF-TAN-38,54
2026-W14,NAD-LF-TAN-38,41
2026-W15,NAD-LF-TAN-38,28
2026-W16,NAD-LF-TAN-38,14
2026-W17,NAD-LF-TAN-38,63
2026-W18,NAD-LF-TAN-38,51
2026-W19,NAD-LF-TAN-38,37
2026-W20,NAD-LF-TAN-38,23
2026-W21,NAD-LF-TAN-38,9
2026-W22,NAD-LF-TAN-38,0
2026-W23,NAD-LF-TAN-38,0
2026-W24,NAD-LF-TAN-38,0
2026-W25,NAD-LF-TAN-38,0
2026-W26,NAD-LF-TAN-38,0
2026-W27,NAD-LF-TAN-38,0
2026-W28,NAD-LF-TAN-38,0
2026-W29,NAD-LF-TAN-38,0
2026-W30,NAD-LF-TAN-38,0
2026-W31,NAD-LF-TAN-38,0
2026-W06,NAD-LF-TAN-39,357
2026-W07,NAD-LF-TAN-39,348
2026-W08,NAD-LF-TAN-39,340
2026-W09,NAD-LF-TAN-39,331
2026-W10,NAD-LF-TAN-39,322
2026-W11,NAD-LF-TAN-39,315
2026-W12,NAD-LF-TAN-39,306
2026-W13,NAD-LF-TAN-39,298
2026-W14,NAD-LF-TAN-39,290
2026-W15,NAD-LF-TAN-39,282
2026-W16,NAD-LF-TAN-39,274
2026-W17,NAD-LF-TAN-39,266
2026-W18,NAD-LF-TAN-39,258
2026-W19,NAD-LF-TAN-39,250
2026-W20,NAD-LF-TAN-39,242
2026-W21,NAD-LF-TAN-39,232
2026-W22,NAD-LF-TAN-39,222
2026-W23,NAD-LF-TAN-39,213
2026-W24,NAD-LF-TAN-39,204
2026-W25,NAD-LF-TAN-39,193
2026-W26,NAD-LF-TAN-39,183
2026-W27,NAD-LF-TAN-39,175
2026-W28,NAD-LF-TAN-39,166
2026-W29,NAD-LF-TAN-39,158
2026-W30,NAD-LF-TAN-39,150
2026-W31,NAD-LF-TAN-39,142
2026-W06,NAD-LF-TAN-40,154
2026-W07,NAD-LF-TAN-40,151
2026-W08,NAD-LF-TAN-40,147
2026-W09,NAD-LF-TAN-40,143
2026-W10,NAD-LF-TAN-40,139
2026-W11,NAD-LF-TAN-40,136
2026-W12,NAD-LF-TAN-40,132
2026-W13,NAD-LF-TAN-40,128
2026-W14,NAD-LF-TAN-40,125
2026-W15,NAD-LF-TAN-40,122
2026-W16,NAD-LF-TAN-40,118
2026-W17,NAD-LF-TAN-40,114
2026-W18,NAD-LF-TAN-40,110
2026-W19,NAD-LF-TAN-40,106
2026-W20,NAD-LF-TAN-40,102
2026-W21,NAD-LF-TAN-40,98
2026-W22,NAD-LF-TAN-40,94
2026-W23,NAD-LF-TAN-40,90
2026-W24,NAD-LF-TAN-40,85
2026-W25,NAD-LF-TAN-40,81
2026-W26,NAD-LF-TAN-40,77
2026-W27,NAD-LF-TAN-40,73
2026-W28,NAD-LF-TAN-40,69
2026-W29,NAD-LF-TAN-40,66
2026-W30,NAD-LF-TAN-40,62
2026-W31,NAD-LF-TAN-40,58
2026-W06,VER-HL-BLK-35,33
2026-W07,VER-HL-BLK-35,28
2026-W08,VER-HL-BLK-35,22
2026-W09,VER-HL-BLK-35,16
2026-W10,VER-HL-BLK-35,10
2026-W11,VER-HL-BLK-35,5
2026-W12,VER-HL-BLK-35,30
2026-W13,VER-HL-BLK-35,24
2026-W14,VER-HL-BLK-35,19
2026-W15,VER-HL-BLK-35,13
2026-W16,VER-HL-BLK-35,7
2026-W17,VER-HL-BLK-35,27
2026-W18,VER-HL-BLK-35,21
2026-W19,VER-HL-BLK-35,16
2026-W20,VER-HL-BLK-35,11
2026-W21,VER-HL-BLK-35,4
2026-W22,VER-HL-BLK-35,26
2026-W23,VER-HL-BLK-35,20
2026-W24,VER-HL-BLK-35,13
2026-W25,VER-HL-BLK-35,6
2026-W26,VER-HL-BLK-35,27
2026-W27,VER-HL-BLK-35,22
2026-W28,VER-HL-BLK-35,17
2026-W29,VER-HL-BLK-35,11
2026-W30,VER-HL-BLK-35,5
2026-W31,VER-HL-BLK-35,29
2026-W06,VER-HL-BLK-36,69
2026-W07,VER-HL-BLK-36,57
2026-W08,VER-HL-BLK-36,44
2026-W09,VER-HL-BLK-36,32
2026-W10,VER-HL-BLK-36,20
2026-W11,VER-HL-BLK-36,7
2026-W12,VER-HL-BLK-36,60
2026-W13,VER-HL-BLK-36,47
2026-W14,VER-HL-BLK-36,36
2026-W15,VER-HL-BLK-36,25
2026-W16,VER-HL-BLK-36,14
2026-W17,VER-HL-BLK-36,59
2026-W18,VER-HL-BLK-36,47
2026-W19,VER-HL-BLK-36,35
2026-W20,VER-HL-BLK-36,22
2026-W21,VER-HL-BLK-36,8
2026-W22,VER-HL-BLK-36,58
2026-W23,VER-HL-BLK-36,44
2026-W24,VER-HL-BLK-36,30
2026-W25,VER-HL-BLK-36,15
2026-W26,VER-HL-BLK-36,57
2026-W27,VER-HL-BLK-36,44
2026-W28,VER-HL-BLK-36,33
2026-W29,VER-HL-BLK-36,20
2026-W30,VER-HL-BLK-36,8
2026-W31,VER-HL-BLK-36,62
2026-W06,VER-HL-BLK-37,81
2026-W07,VER-HL-BLK-37,68
2026-W08,VER-HL-BLK-37,53
2026-W09,VER-HL-BLK-37,39
2026-W10,VER-HL-BLK-37,23
2026-W11,VER-HL-BLK-37,10
2026-W12,VER-HL-BLK-37,72
2026-W13,VER-HL-BLK-37,57
2026-W14,VER-HL-BLK-37,45
2026-W15,VER-HL-BLK-37,33
2026-W16,VER-HL-BLK-37,19
2026-W17,VER-HL-BLK-37,67
2026-W18,VER-HL-BLK-37,54
2026-W19,VER-HL-BLK-37,39
2026-W20,VER-HL-BLK-37,24
2026-W21,VER-HL-BLK-37,7
2026-W22,VER-HL-BLK-37,66
2026-W23,VER-HL-BLK-37,51
2026-W24,VER-HL-BLK-37,36
2026-W25,VER-HL-BLK-37,20
2026-W26,VER-HL-BLK-37,4
2026-W27,VER-HL-BLK-37,70
2026-W28,VER-HL-BLK-37,55
2026-W29,VER-HL-BLK-37,40
2026-W30,VER-HL-BLK-37,28
2026-W31,VER-HL-BLK-37,14
2026-W06,VER-HL-BLK-38,64
2026-W07,VER-HL-BLK-38,54
2026-W08,VER-HL-BLK-38,43
2026-W09,VER-HL-BLK-38,31
2026-W10,VER-HL-BLK-38,20
2026-W11,VER-HL-BLK-38,9
2026-W12,VER-HL-BLK-38,55
2026-W13,VER-HL-BLK-38,44
2026-W14,VER-HL-BLK-38,33
2026-W15,VER-HL-BLK-38,22
2026-W16,VER-HL-BLK-38,11
2026-W17,VER-HL-BLK-38,52
2026-W18,VER-HL-BLK-38,41
2026-W19,VER-HL-BLK-38,31
2026-W20,VER-HL-BLK-38,21
2026-W21,VER-HL-BLK-38,9
2026-W22,VER-HL-BLK-38,54
2026-W23,VER-HL-BLK-38,42
2026-W24,VER-HL-BLK-38,29
2026-W25,VER-HL-BLK-38,16
2026-W26,VER-HL-BLK-38,5
2026-W27,VER-HL-BLK-38,56
2026-W28,VER-HL-BLK-38,46
2026-W29,VER-HL-BLK-38,35
2026-W30,VER-HL-BLK-38,24
2026-W31,VER-HL-BLK-38,13
2026-W06,VER-HL-BLK-39,39
2026-W07,VER-HL-BLK-39,32
2026-W08,VER-HL-BLK-39,25
2026-W09,VER-HL-BLK-39,18
2026-W10,VER-HL-BLK-39,11
2026-W11,VER-HL-BLK-39,37
2026-W12,VER-HL-BLK-39,30
2026-W13,VER-HL-BLK-39,23
2026-W14,VER-HL-BLK-39,17
2026-W15,VER-HL-BLK-39,10
2026-W16,VER-HL-BLK-39,3
2026-W17,VER-HL-BLK-39,33
2026-W18,VER-HL-BLK-39,27
2026-W19,VER-HL-BLK-39,20
2026-W20,VER-HL-BLK-39,14
2026-W21,VER-HL-BLK-39,6
2026-W22,VER-HL-BLK-39,32
2026-W23,VER-HL-BLK-39,24
2026-W24,VER-HL-BLK-39,16
2026-W25,VER-HL-BLK-39,8
2026-W26,VER-HL-BLK-39,33
2026-W27,VER-HL-BLK-39,26
2026-W28,VER-HL-BLK-39,19
2026-W29,VER-HL-BLK-39,12
2026-W30,VER-HL-BLK-39,6
2026-W31,VER-HL-BLK-39,35
2026-W06,VER-HL-BLK-40,15
2026-W07,VER-HL-BLK-40,13
2026-W08,VER-HL-BLK-40,10
2026-W09,VER-HL-BLK-40,7
2026-W10,VER-HL-BLK-40,4
2026-W11,VER-HL-BLK-40,2
2026-W12,VER-HL-BLK-40,15
2026-W13,VER-HL-BLK-40,13
2026-W14,VER-HL-BLK-40,11
2026-W15,VER-HL-BLK-40,8
2026-W16,VER-HL-BLK-40,5
2026-W17,VER-HL-BLK-40,2
2026-W18,VER-HL-BLK-40,12
2026-W19,VER-HL-BLK-40,9
2026-W20,VER-HL-BLK-40,6
2026-W21,VER-HL-BLK-40,3
2026-W22,VER-HL-BLK-40,12
2026-W23,VER-HL-BLK-40,9
2026-W24,VER-HL-BLK-40,6
2026-W25,VER-HL-BLK-40,3
2026-W26,VER-HL-BLK-40,12
2026-W27,VER-HL-BLK-40,10
2026-W28,VER-HL-BLK-40,8
2026-W29,VER-HL-BLK-40,5
2026-W30,VER-HL-BLK-40,2
2026-W31,VER-HL-BLK-40,12
2026-W06,VER-HL-RED-35,15
2026-W07,VER-HL-RED-35,12
2026-W08,VER-HL-RED-35,9
2026-W09,VER-HL-RED-35,6
2026-W10,VER-HL-RED-35,3
2026-W11,VER-HL-RED-35,15
2026-W12,VER-HL-RED-35,12
2026-W13,VER-HL-RED-35,9
2026-W14,VER-HL-RED-35,6
2026-W15,VER-HL-RED-35,3
2026-W16,VER-HL-RED-35,12
2026-W17,VER-HL-RED-35,9
2026-W18,VER-HL-RED-35,6
2026-W19,VER-HL-RED-35,3
2026-W20,VER-HL-RED-35,12
2026-W21,VER-HL-RED-35,9
2026-W22,VER-HL-RED-35,6
2026-W23,VER-HL-RED-35,3
2026-W24,VER-HL-RED-35,12
2026-W25,VER-HL-RED-35,9
2026-W26,VER-HL-RED-35,6
2026-W27,VER-HL-RED-35,4
2026-W28,VER-HL-RED-35,13
2026-W29,VER-HL-RED-35,10
2026-W30,VER-HL-RED-35,7
2026-W31,VER-HL-RED-35,4
2026-W06,VER-HL-RED-36,33
2026-W07,VER-HL-RED-36,28
2026-W08,VER-HL-RED-36,22
2026-W09,VER-HL-RED-36,16
2026-W10,VER-HL-RED-36,10
2026-W11,VER-HL-RED-36,4
2026-W12,VER-HL-RED-36,29
2026-W13,VER-HL-RED-36,23
2026-W14,VER-HL-RED-36,17
2026-W15,VER-HL-RED-36,12
2026-W16,VER-HL-RED-36,7
2026-W17,VER-HL-RED-36,29
2026-W18,VER-HL-RED-36,24
2026-W19,VER-HL-RED-36,18
2026-W20,VER-HL-RED-36,13
2026-W21,VER-HL-RED-36,7
2026-W22,VER-HL-RED-36,29
2026-W23,VER-HL-RED-36,23
2026-W24,VER-HL-RED-36,16
2026-W25,VER-HL-RED-36,9
2026-W26,VER-HL-RED-36,3
2026-W27,VER-HL-RED-36,30
2026-W28,VER-HL-RED-36,24
2026-W29,VER-HL-RED-36,18
2026-W30,VER-HL-RED-36,12
2026-W31,VER-HL-RED-36,6
2026-W06,VER-HL-RED-37,38
2026-W07,VER-HL-RED-37,32
2026-W08,VER-HL-RED-37,25
2026-W09,VER-HL-RED-37,18
2026-W10,VER-HL-RED-37,11
2026-W11,VER-HL-RED-37,36
2026-W12,VER-HL-RED-37,29
2026-W13,VER-HL-RED-37,22
2026-W14,VER-HL-RED-37,15
2026-W15,VER-HL-RED-37,9
2026-W16,VER-HL-RED-37,32
2026-W17,VER-HL-RED-37,25
2026-W18,VER-HL-RED-37,19
2026-W19,VER-HL-RED-37,13
2026-W20,VER-HL-RED-37,6
2026-W21,VER-HL-RED-37,30
2026-W22,VER-HL-RED-37,23
2026-W23,VER-HL-RED-37,15
2026-W24,VER-HL-RED-37,7
2026-W25,VER-HL-RED-37,30
2026-W26,VER-HL-RED-37,22
2026-W27,VER-HL-RED-37,16
2026-W28,VER-HL-RED-37,9
2026-W29,VER-HL-RED-37,31
2026-W30,VER-HL-RED-37,24
2026-W31,VER-HL-RED-37,18
2026-W06,VER-HL-RED-38,30
2026-W07,VER-HL-RED-38,25
2026-W08,VER-HL-RED-38,20
2026-W09,VER-HL-RED-38,14
2026-W10,VER-HL-RED-38,9
2026-W11,VER-HL-RED-38,29
2026-W12,VER-HL-RED-38,23
2026-W13,VER-HL-RED-38,18
2026-W14,VER-HL-RED-38,13
2026-W15,VER-HL-RED-38,8
2026-W16,VER-HL-RED-38,2
2026-W17,VER-HL-RED-38,24
2026-W18,VER-HL-RED-38,19
2026-W19,VER-HL-RED-38,14
2026-W20,VER-HL-RED-38,8
2026-W21,VER-HL-RED-38,2
2026-W22,VER-HL-RED-38,26
2026-W23,VER-HL-RED-38,21
2026-W24,VER-HL-RED-38,15
2026-W25,VER-HL-RED-38,9
2026-W26,VER-HL-RED-38,4
2026-W27,VER-HL-RED-38,27
2026-W28,VER-HL-RED-38,22
2026-W29,VER-HL-RED-38,16
2026-W30,VER-HL-RED-38,11
2026-W31,VER-HL-RED-38,6
2026-W06,VER-HL-RED-39,19
2026-W07,VER-HL-RED-39,16
2026-W08,VER-HL-RED-39,12
2026-W09,VER-HL-RED-39,8
2026-W10,VER-HL-RED-39,5
2026-W11,VER-HL-RED-39,18
2026-W12,VER-HL-RED-39,14
2026-W13,VER-HL-RED-39,11
2026-W14,VER-HL-RED-39,8
2026-W15,VER-HL-RED-39,5
2026-W16,VER-HL-RED-39,1
2026-W17,VER-HL-RED-39,15
2026-W18,VER-HL-RED-39,12
2026-W19,VER-HL-RED-39,9
2026-W20,VER-HL-RED-39,6
2026-W21,VER-HL-RED-39,3
2026-W22,VER-HL-RED-39,16
2026-W23,VER-HL-RED-39,13
2026-W24,VER-HL-RED-39,9
2026-W25,VER-HL-RED-39,5
2026-W26,VER-HL-RED-39,1
2026-W27,VER-HL-RED-39,16
2026-W28,VER-HL-RED-39,13
2026-W29,VER-HL-RED-39,10
2026-W30,VER-HL-RED-39,7
2026-W31,VER-HL-RED-39,4
2026-W06,VER-HL-RED-40,12
2026-W07,VER-HL-RED-40,10
2026-W08,VER-HL-RED-40,8
2026-W09,VER-HL-RED-40,6
2026-W10,VER-HL-RED-40,4
2026-W11,VER-HL-RED-40,2
2026-W12,VER-HL-RED-40,11
2026-W13,VER-HL-RED-40,9
2026-W14,VER-HL-RED-40,7
2026-W15,VER-HL-RED-40,5
2026-W16,VER-HL-RED-40,3
2026-W17,VER-HL-RED-40,1
2026-W18,VER-HL-RED-40,11
2026-W19,VER-HL-RED-40,9
2026-W20,VER-HL-RED-40,7
2026-W21,VER-HL-RED-40,5
2026-W22,VER-HL-RED-40,3
2026-W23,VER-HL-RED-40,11
2026-W24,VER-HL-RED-40,9
2026-W25,VER-HL-RED-40,7
2026-W26,VER-HL-RED-40,5
2026-W27,VER-HL-RED-40,3
2026-W28,VER-HL-RED-40,1
2026-W29,VER-HL-RED-40,10
2026-W30,VER-HL-RED-40,8
2026-W31,VER-HL-RED-40,6
2026-W06,CLE-SD-TAN-35,48
2026-W07,CLE-SD-TAN-35,40
2026-W08,CLE-SD-TAN-35,32
2026-W09,CLE-SD-TAN-35,22
2026-W10,CLE-SD-TAN-35,14
2026-W11,CLE-SD-TAN-35,48
2026-W12,CLE-SD-TAN-35,39
2026-W13,CLE-SD-TAN-35,31
2026-W14,CLE-SD-TAN-35,24
2026-W15,CLE-SD-TAN-35,16
2026-W16,CLE-SD-TAN-35,8
2026-W17,CLE-SD-TAN-35,40
2026-W18,CLE-SD-TAN-35,31
2026-W19,CLE-SD-TAN-35,23
2026-W20,CLE-SD-TAN-35,15
2026-W21,CLE-SD-TAN-35,6
2026-W22,CLE-SD-TAN-35,43
2026-W23,CLE-SD-TAN-35,33
2026-W24,CLE-SD-TAN-35,24
2026-W25,CLE-SD-TAN-35,15
2026-W26,CLE-SD-TAN-35,5
2026-W27,CLE-SD-TAN-35,42
2026-W28,CLE-SD-TAN-35,33
2026-W29,CLE-SD-TAN-35,25
2026-W30,CLE-SD-TAN-35,17
2026-W31,CLE-SD-TAN-35,9
2026-W06,CLE-SD-TAN-36,97
2026-W07,CLE-SD-TAN-36,79
2026-W08,CLE-SD-TAN-36,60
2026-W09,CLE-SD-TAN-36,41
2026-W10,CLE-SD-TAN-36,25
2026-W11,CLE-SD-TAN-36,96
2026-W12,CLE-SD-TAN-36,80
2026-W13,CLE-SD-TAN-36,62
2026-W14,CLE-SD-TAN-36,45
2026-W15,CLE-SD-TAN-36,30
2026-W16,CLE-SD-TAN-36,12
2026-W17,CLE-SD-TAN-36,80
2026-W18,CLE-SD-TAN-36,62
2026-W19,CLE-SD-TAN-36,44
2026-W20,CLE-SD-TAN-36,28
2026-W21,CLE-SD-TAN-36,7
2026-W22,CLE-SD-TAN-36,82
2026-W23,CLE-SD-TAN-36,63
2026-W24,CLE-SD-TAN-36,43
2026-W25,CLE-SD-TAN-36,24
2026-W26,CLE-SD-TAN-36,5
2026-W27,CLE-SD-TAN-36,85
2026-W28,CLE-SD-TAN-36,69
2026-W29,CLE-SD-TAN-36,52
2026-W30,CLE-SD-TAN-36,37
2026-W31,CLE-SD-TAN-36,20
2026-W06,CLE-SD-TAN-37,105
2026-W07,CLE-SD-TAN-37,89
2026-W08,CLE-SD-TAN-37,71
2026-W09,CLE-SD-TAN-37,50
2026-W10,CLE-SD-TAN-37,32
2026-W11,CLE-SD-TAN-37,13
2026-W12,CLE-SD-TAN-37,95
2026-W13,CLE-SD-TAN-37,76
2026-W14,CLE-SD-TAN-37,57
2026-W15,CLE-SD-TAN-37,39
2026-W16,CLE-SD-TAN-37,21
2026-W17,CLE-SD-TAN-37,88
2026-W18,CLE-SD-TAN-37,71
2026-W19,CLE-SD-TAN-37,54
2026-W20,CLE-SD-TAN-37,37
2026-W21,CLE-SD-TAN-37,16
2026-W22,CLE-SD-TAN-37,87
2026-W23,CLE-SD-TAN-37,69
2026-W24,CLE-SD-TAN-37,48
2026-W25,CLE-SD-TAN-37,28
2026-W26,CLE-SD-TAN-37,10
2026-W27,CLE-SD-TAN-37,93
2026-W28,CLE-SD-TAN-37,73
2026-W29,CLE-SD-TAN-37,56
2026-W30,CLE-SD-TAN-37,38
2026-W31,CLE-SD-TAN-37,19
2026-W06,CLE-SD-TAN-38,82
2026-W07,CLE-SD-TAN-38,69
2026-W08,CLE-SD-TAN-38,55
2026-W09,CLE-SD-TAN-38,39
2026-W10,CLE-SD-TAN-38,25
2026-W11,CLE-SD-TAN-38,12
2026-W12,CLE-SD-TAN-38,73
2026-W13,CLE-SD-TAN-38,59
2026-W14,CLE-SD-TAN-38,46
2026-W15,CLE-SD-TAN-38,34
2026-W16,CLE-SD-TAN-38,21
2026-W17,CLE-SD-TAN-38,67
2026-W18,CLE-SD-TAN-38,53
2026-W19,CLE-SD-TAN-38,40
2026-W20,CLE-SD-TAN-38,25
2026-W21,CLE-SD-TAN-38,8
2026-W22,CLE-SD-TAN-38,68
2026-W23,CLE-SD-TAN-38,53
2026-W24,CLE-SD-TAN-38,36
2026-W25,CLE-SD-TAN-38,20
2026-W26,CLE-SD-TAN-38,3
2026-W27,CLE-SD-TAN-38,70
2026-W28,CLE-SD-TAN-38,55
2026-W29,CLE-SD-TAN-38,41
2026-W30,CLE-SD-TAN-38,27
2026-W31,CLE-SD-TAN-38,15
2026-W06,CLE-SD-TAN-39,53
2026-W07,CLE-SD-TAN-39,44
2026-W08,CLE-SD-TAN-39,34
2026-W09,CLE-SD-TAN-39,24
2026-W10,CLE-SD-TAN-39,15
2026-W11,CLE-SD-TAN-39,51
2026-W12,CLE-SD-TAN-39,42
2026-W13,CLE-SD-TAN-39,33
2026-W14,CLE-SD-TAN-39,23
2026-W15,CLE-SD-TAN-39,14
2026-W16,CLE-SD-TAN-39,4
2026-W17,CLE-SD-TAN-39,43
2026-W18,CLE-SD-TAN-39,34
2026-W19,CLE-SD-TAN-39,25
2026-W20,CLE-SD-TAN-39,16
2026-W21,CLE-SD-TAN-39,6
2026-W22,CLE-SD-TAN-39,46
2026-W23,CLE-SD-TAN-39,36
2026-W24,CLE-SD-TAN-39,25
2026-W25,CLE-SD-TAN-39,14
2026-W26,CLE-SD-TAN-39,5
2026-W27,CLE-SD-TAN-39,48
2026-W28,CLE-SD-TAN-39,39
2026-W29,CLE-SD-TAN-39,30
2026-W30,CLE-SD-TAN-39,22
2026-W31,CLE-SD-TAN-39,12
2026-W06,CLE-SD-TAN-40,21
2026-W07,CLE-SD-TAN-40,18
2026-W08,CLE-SD-TAN-40,14
2026-W09,CLE-SD-TAN-40,10
2026-W10,CLE-SD-TAN-40,6
2026-W11,CLE-SD-TAN-40,3
2026-W12,CLE-SD-TAN-40,18
2026-W13,CLE-SD-TAN-40,15
2026-W14,CLE-SD-TAN-40,12
2026-W15,CLE-SD-TAN-40,9
2026-W16,CLE-SD-TAN-40,5
2026-W17,CLE-SD-TAN-40,1
2026-W18,CLE-SD-TAN-40,17
2026-W19,CLE-SD-TAN-40,14
2026-W20,CLE-SD-TAN-40,11
2026-W21,CLE-SD-TAN-40,7
2026-W22,CLE-SD-TAN-40,3
2026-W23,CLE-SD-TAN-40,17
2026-W24,CLE-SD-TAN-40,13
2026-W25,CLE-SD-TAN-40,9
2026-W26,CLE-SD-TAN-40,5
2026-W27,CLE-SD-TAN-40,2
2026-W28,CLE-SD-TAN-40,17
2026-W29,CLE-SD-TAN-40,13
2026-W30,CLE-SD-TAN-40,10
2026-W31,CLE-SD-TAN-40,7
2026-W06,CLE-SD-WHT-35,31
2026-W07,CLE-SD-WHT-35,26
2026-W08,CLE-SD-WHT-35,20
2026-W09,CLE-SD-WHT-35,15
2026-W10,CLE-SD-WHT-35,10
2026-W11,CLE-SD-WHT-35,4
2026-W12,CLE-SD-WHT-35,28
2026-W13,CLE-SD-WHT-35,23
2026-W14,CLE-SD-WHT-35,18
2026-W15,CLE-SD-WHT-35,12
2026-W16,CLE-SD-WHT-35,7
2026-W17,CLE-SD-WHT-35,27
2026-W18,CLE-SD-WHT-35,22
2026-W19,CLE-SD-WHT-35,17
2026-W20,CLE-SD-WHT-35,11
2026-W21,CLE-SD-WHT-35,4
2026-W22,CLE-SD-WHT-35,25
2026-W23,CLE-SD-WHT-35,18
2026-W24,CLE-SD-WHT-35,12
2026-W25,CLE-SD-WHT-35,6
2026-W26,CLE-SD-WHT-35,27
2026-W27,CLE-SD-WHT-35,21
2026-W28,CLE-SD-WHT-35,16
2026-W29,CLE-SD-WHT-35,10
2026-W30,CLE-SD-WHT-35,5
2026-W31,CLE-SD-WHT-35,29
2026-W06,CLE-SD-WHT-36,64
2026-W07,CLE-SD-WHT-36,52
2026-W08,CLE-SD-WHT-36,41
2026-W09,CLE-SD-WHT-36,30
2026-W10,CLE-SD-WHT-36,19
2026-W11,CLE-SD-WHT-36,8
2026-W12,CLE-SD-WHT-36,55
2026-W13,CLE-SD-WHT-36,43
2026-W14,CLE-SD-WHT-36,32
2026-W15,CLE-SD-WHT-36,20
2026-W16,CLE-SD-WHT-36,10
2026-W17,CLE-SD-WHT-36,54
2026-W18,CLE-SD-WHT-36,44
2026-W19,CLE-SD-WHT-36,34
2026-W20,CLE-SD-WHT-36,22
2026-W21,CLE-SD-WHT-36,10
2026-W22,CLE-SD-WHT-36,54
2026-W23,CLE-SD-WHT-36,41
2026-W24,CLE-SD-WHT-36,29
2026-W25,CLE-SD-WHT-36,16
2026-W26,CLE-SD-WHT-36,5
2026-W27,CLE-SD-WHT-36,57
2026-W28,CLE-SD-WHT-36,46
2026-W29,CLE-SD-WHT-36,34
2026-W30,CLE-SD-WHT-36,24
2026-W31,CLE-SD-WHT-36,14
2026-W06,CLE-SD-WHT-37,70
2026-W07,CLE-SD-WHT-37,59
2026-W08,CLE-SD-WHT-37,46
2026-W09,CLE-SD-WHT-37,33
2026-W10,CLE-SD-WHT-37,20
2026-W11,CLE-SD-WHT-37,8
2026-W12,CLE-SD-WHT-37,61
2026-W13,CLE-SD-WHT-37,48
2026-W14,CLE-SD-WHT-37,36
2026-W15,CLE-SD-WHT-37,25
2026-W16,CLE-SD-WHT-37,14
2026-W17,CLE-SD-WHT-37,57
2026-W18,CLE-SD-WHT-37,47
2026-W19,CLE-SD-WHT-37,36
2026-W20,CLE-SD-WHT-37,24
2026-W21,CLE-SD-WHT-37,11
2026-W22,CLE-SD-WHT-37,59
2026-W23,CLE-SD-WHT-37,46
2026-W24,CLE-SD-WHT-37,33
2026-W25,CLE-SD-WHT-37,19
2026-W26,CLE-SD-WHT-37,5
2026-W27,CLE-SD-WHT-37,59
2026-W28,CLE-SD-WHT-37,48
2026-W29,CLE-SD-WHT-37,37
2026-W30,CLE-SD-WHT-37,25
2026-W31,CLE-SD-WHT-37,13
2026-W06,CLE-SD-WHT-38,53
2026-W07,CLE-SD-WHT-38,45
2026-W08,CLE-SD-WHT-38,36
2026-W09,CLE-SD-WHT-38,27
2026-W10,CLE-SD-WHT-38,17
2026-W11,CLE-SD-WHT-38,8
2026-W12,CLE-SD-WHT-38,47
2026-W13,CLE-SD-WHT-38,38
2026-W14,CLE-SD-WHT-38,30
2026-W15,CLE-SD-WHT-38,22
2026-W16,CLE-SD-WHT-38,13
2026-W17,CLE-SD-WHT-38,3
2026-W18,CLE-SD-WHT-38,47
2026-W19,CLE-SD-WHT-38,38
2026-W20,CLE-SD-WHT-38,28
2026-W21,CLE-SD-WHT-38,17
2026-W22,CLE-SD-WHT-38,6
2026-W23,CLE-SD-WHT-38,43
2026-W24,CLE-SD-WHT-38,32
2026-W25,CLE-SD-WHT-38,22
2026-W26,CLE-SD-WHT-38,12
2026-W27,CLE-SD-WHT-38,47
2026-W28,CLE-SD-WHT-38,37
2026-W29,CLE-SD-WHT-38,28
2026-W30,CLE-SD-WHT-38,19
2026-W31,CLE-SD-WHT-38,10
2026-W06,CLE-SD-WHT-39,34
2026-W07,CLE-SD-WHT-39,28
2026-W08,CLE-SD-WHT-39,22
2026-W09,CLE-SD-WHT-39,15
2026-W10,CLE-SD-WHT-39,9
2026-W11,CLE-SD-WHT-39,33
2026-W12,CLE-SD-WHT-39,27
2026-W13,CLE-SD-WHT-39,22
2026-W14,CLE-SD-WHT-39,16
2026-W15,CLE-SD-WHT-39,11
2026-W16,CLE-SD-WHT-39,4
2026-W17,CLE-SD-WHT-39,27
2026-W18,CLE-SD-WHT-39,21
2026-W19,CLE-SD-WHT-39,16
2026-W20,CLE-SD-WHT-39,10
2026-W21,CLE-SD-WHT-39,3
2026-W22,CLE-SD-WHT-39,28
2026-W23,CLE-SD-WHT-39,21
2026-W24,CLE-SD-WHT-39,14
2026-W25,CLE-SD-WHT-39,7
2026-W26,CLE-SD-WHT-39,28
2026-W27,CLE-SD-WHT-39,23
2026-W28,CLE-SD-WHT-39,17
2026-W29,CLE-SD-WHT-39,12
2026-W30,CLE-SD-WHT-39,7
2026-W31,CLE-SD-WHT-39,31
2026-W06,CLE-SD-WHT-40,13
2026-W07,CLE-SD-WHT-40,11
2026-W08,CLE-SD-WHT-40,9
2026-W09,CLE-SD-WHT-40,7
2026-W10,CLE-SD-WHT-40,5
2026-W11,CLE-SD-WHT-40,3
2026-W12,CLE-SD-WHT-40,12
2026-W13,CLE-SD-WHT-40,10
2026-W14,CLE-SD-WHT-40,8
2026-W15,CLE-SD-WHT-40,6
2026-W16,CLE-SD-WHT-40,3
2026-W17,CLE-SD-WHT-40,1
2026-W18,CLE-SD-WHT-40,12
2026-W19,CLE-SD-WHT-40,10
2026-W20,CLE-SD-WHT-40,8
2026-W21,CLE-SD-WHT-40,6
2026-W22,CLE-SD-WHT-40,4
2026-W23,CLE-SD-WHT-40,2
2026-W24,CLE-SD-WHT-40,10
2026-W25,CLE-SD-WHT-40,7
2026-W26,CLE-SD-WHT-40,5
2026-W27,CLE-SD-WHT-40,3
2026-W28,CLE-SD-WHT-40,11
2026-W29,CLE-SD-WHT-40,8
2026-W30,CLE-SD-WHT-40,6
2026-W31,CLE-SD-WHT-40,4
2026-W06,LUN-PD-GLD,545
2026-W07,LUN-PD-GLD,450
2026-W08,LUN-PD-GLD,354
2026-W09,LUN-PD-GLD,248
2026-W10,LUN-PD-GLD,153
2026-W11,LUN-PD-GLD,526
2026-W12,LUN-PD-GLD,423
2026-W13,LUN-PD-GLD,331
2026-W14,LUN-PD-GLD,237
2026-W15,LUN-PD-GLD,154
2026-W16,LUN-PD-GLD,51
2026-W17,LUN-PD-GLD,440
2026-W18,LUN-PD-GLD,351
2026-W19,LUN-PD-GLD,255
2026-W20,LUN-PD-GLD,163
2026-W21,LUN-PD-GLD,33
2026-W22,LUN-PD-GLD,412
2026-W23,LUN-PD-GLD,278
2026-W24,LUN-PD-GLD,151
2026-W25,LUN-PD-GLD,14
2026-W26,LUN-PD-GLD,406
2026-W27,LUN-PD-GLD,344
2026-W28,LUN-PD-GLD,274
2026-W29,LUN-PD-GLD,207
2026-W30,LUN-PD-GLD,136
2026-W31,LUN-PD-GLD,531
2026-W06,LUN-PD-SLV,423
2026-W07,LUN-PD-SLV,349
2026-W08,LUN-PD-SLV,279
2026-W09,LUN-PD-SLV,201
2026-W10,LUN-PD-SLV,121
2026-W11,LUN-PD-SLV,47
2026-W12,LUN-PD-SLV,377
2026-W13,LUN-PD-SLV,304
2026-W14,LUN-PD-SLV,228
2026-W15,LUN-PD-SLV,165
2026-W16,LUN-PD-SLV,93
2026-W17,LUN-PD-SLV,339
2026-W18,LUN-PD-SLV,265
2026-W19,LUN-PD-SLV,199
2026-W20,LUN-PD-SLV,120
2026-W21,LUN-PD-SLV,37
2026-W22,LUN-PD-SLV,352
2026-W23,LUN-PD-SLV,272
2026-W24,LUN-PD-SLV,196
2026-W25,LUN-PD-SLV,120
2026-W26,LUN-PD-SLV,39
2026-W27,LUN-PD-SLV,367
2026-W28,LUN-PD-SLV,291
2026-W29,LUN-PD-SLV,219
2026-W30,LUN-PD-SLV,155
2026-W31,LUN-PD-SLV,82
2026-W06,ORL-HP-GLD,672
2026-W07,ORL-HP-GLD,559
2026-W08,ORL-HP-GLD,452
2026-W09,ORL-HP-GLD,316
2026-W10,ORL-HP-GLD,191
2026-W11,ORL-HP-GLD,89
2026-W12,ORL-HP-GLD,609
2026-W13,ORL-HP-GLD,481
2026-W14,ORL-HP-GLD,378
2026-W15,ORL-HP-GLD,266
2026-W16,ORL-HP-GLD,140
2026-W17,ORL-HP-GLD,548
2026-W18,ORL-HP-GLD,427
2026-W19,ORL-HP-GLD,309
2026-W20,ORL-HP-GLD,184
2026-W21,ORL-HP-GLD,29
2026-W22,ORL-HP-GLD,514
2026-W23,ORL-HP-GLD,370
2026-W24,ORL-HP-GLD,202
2026-W25,ORL-HP-GLD,29
2026-W26,ORL-HP-GLD,495
2026-W27,ORL-HP-GLD,407
2026-W28,ORL-HP-GLD,315
2026-W29,ORL-HP-GLD,231
2026-W30,ORL-HP-GLD,149
2026-W31,ORL-HP-GLD,665
2026-W06,ORL-HP-SLV,512
2026-W07,ORL-HP-SLV,427
2026-W08,ORL-HP-SLV,332
2026-W09,ORL-HP-SLV,229
2026-W10,ORL-HP-SLV,135
2026-W11,ORL-HP-SLV,482
2026-W12,ORL-HP-SLV,396
2026-W13,ORL-HP-SLV,313
2026-W14,ORL-HP-SLV,225
2026-W15,ORL-HP-SLV,134
2026-W16,ORL-HP-SLV,39
2026-W17,ORL-HP-SLV,423
2026-W18,ORL-HP-SLV,332
2026-W19,ORL-HP-SLV,251
2026-W20,ORL-HP-SLV,165
2026-W21,ORL-HP-SLV,53
2026-W22,ORL-HP-SLV,423
2026-W23,ORL-HP-SLV,315
2026-W24,ORL-HP-SLV,215
2026-W25,ORL-HP-SLV,120
2026-W26,ORL-HP-SLV,444
2026-W27,ORL-HP-SLV,359
2026-W28,ORL-HP-SLV,270
2026-W29,ORL-HP-SLV,174
2026-W30,ORL-HP-SLV,95
2026-W31,ORL-HP-SLV,463
2026-W06,IVY-CF-GLD,241
2026-W07,IVY-CF-GLD,203
2026-W08,IVY-CF-GLD,157
2026-W09,IVY-CF-GLD,110
2026-W10,IVY-CF-GLD,65
2026-W11,IVY-CF-GLD,231
2026-W12,IVY-CF-GLD,188
2026-W13,IVY-CF-GLD,150
2026-W14,IVY-CF-GLD,107
2026-W15,IVY-CF-GLD,64
2026-W16,IVY-CF-GLD,25
2026-W17,IVY-CF-GLD,197
2026-W18,IVY-CF-GLD,154
2026-W19,IVY-CF-GLD,115
2026-W20,IVY-CF-GLD,73
2026-W21,IVY-CF-GLD,27
2026-W22,IVY-CF-GLD,206
2026-W23,IVY-CF-GLD,160
2026-W24,IVY-CF-GLD,111
2026-W25,IVY-CF-GLD,62
2026-W26,IVY-CF-GLD,20
2026-W27,IVY-CF-GLD,209
2026-W28,IVY-CF-GLD,170
2026-W29,IVY-CF-GLD,128
2026-W30,IVY-CF-GLD,87
2026-W31,IVY-CF-GLD,43
2026-W06,NOV-ST-GLD,563
2026-W07,NOV-ST-GLD,477
2026-W08,NOV-ST-GLD,369
2026-W09,NOV-ST-GLD,268
2026-W10,NOV-ST-GLD,166
2026-W11,NOV-ST-GLD,79
2026-W12,NOV-ST-GLD,526
2026-W13,NOV-ST-GLD,426
2026-W14,NOV-ST-GLD,331
2026-W15,NOV-ST-GLD,231
2026-W16,NOV-ST-GLD,136
2026-W17,NOV-ST-GLD,463
2026-W18,NOV-ST-GLD,371
2026-W19,NOV-ST-GLD,277
2026-W20,NOV-ST-GLD,179
2026-W21,NOV-ST-GLD,73
2026-W22,NOV-ST-GLD,491
2026-W23,NOV-ST-GLD,387
2026-W24,NOV-ST-GLD,274
2026-W25,NOV-ST-GLD,170
2026-W26,NOV-ST-GLD,105
2026-W27,NOV-ST-GLD,572
2026-W28,NOV-ST-GLD,513
2026-W29,NOV-ST-GLD,450
2026-W30,NOV-ST-GLD,396
2026-W31,NOV-ST-GLD,334
2026-W06,NOV-ST-SLV,437
2026-W07,NOV-ST-SLV,370
2026-W08,NOV-ST-SLV,288
2026-W09,NOV-ST-SLV,202
2026-W10,NOV-ST-SLV,121
2026-W11,NOV-ST-SLV,420
2026-W12,NOV-ST-SLV,342
2026-W13,NOV-ST-SLV,262
2026-W14,NOV-ST-SLV,183
2026-W15,NOV-ST-SLV,109
2026-W16,NOV-ST-SLV,359
2026-W17,NOV-ST-SLV,277
2026-W18,NOV-ST-SLV,202
2026-W19,NOV-ST-SLV,128
2026-W20,NOV-ST-SLV,44
2026-W21,NOV-ST-SLV,343
2026-W22,NOV-ST-SLV,260
2026-W23,NOV-ST-SLV,174
2026-W24,NOV-ST-SLV,90
2026-W25,NOV-ST-SLV,337
2026-W26,NOV-ST-SLV,248
2026-W27,NOV-ST-SLV,172
2026-W28,NOV-ST-SLV,97
2026-W29,NOV-ST-SLV,361
2026-W30,NOV-ST-SLV,280
2026-W31,NOV-ST-SLV,212
2026-W06,THE-CH-GLD,287
2026-W07,THE-CH-GLD,241
2026-W08,THE-CH-GLD,187
2026-W09,THE-CH-GLD,130
2026-W10,THE-CH-GLD,81
2026-W11,THE-CH-GLD,280
2026-W12,THE-CH-GLD,226
2026-W13,THE-CH-GLD,178
2026-W14,THE-CH-GLD,125
2026-W15,THE-CH-GLD,81
2026-W16,THE-CH-GLD,31
2026-W17,THE-CH-GLD,238
2026-W18,THE-CH-GLD,191
2026-W19,THE-CH-GLD,139
2026-W20,THE-CH-GLD,90
2026-W21,THE-CH-GLD,33
2026-W22,THE-CH-GLD,240
2026-W23,THE-CH-GLD,188
2026-W24,THE-CH-GLD,133
2026-W25,THE-CH-GLD,78
2026-W26,THE-CH-GLD,22
2026-W27,THE-CH-GLD,249
2026-W28,THE-CH-GLD,199
2026-W29,THE-CH-GLD,151
2026-W30,THE-CH-GLD,107
2026-W31,THE-CH-GLD,57
2026-W06,SOL-AV-GLD,327
2026-W07,SOL-AV-GLD,273
2026-W08,SOL-AV-GLD,211
2026-W09,SOL-AV-GLD,152
2026-W10,SOL-AV-GLD,96
2026-W11,SOL-AV-GLD,44
2026-W12,SOL-AV-GLD,290
2026-W13,SOL-AV-GLD,237
2026-W14,SOL-AV-GLD,178
2026-W15,SOL-AV-GLD,123
2026-W16,SOL-AV-GLD,64
2026-W17,SOL-AV-GLD,266
2026-W18,SOL-AV-GLD,214
2026-W19,SOL-AV-GLD,160
2026-W20,SOL-AV-GLD,112
2026-W21,SOL-AV-GLD,50
2026-W22,SOL-AV-GLD,280
2026-W23,SOL-AV-GLD,225
2026-W24,SOL-AV-GLD,170
2026-W25,SOL-AV-GLD,118
2026-W26,SOL-AV-GLD,70
2026-W27,SOL-AV-GLD,311
2026-W28,SOL-AV-GLD,276
2026-W29,SOL-AV-GLD,242
2026-W30,SOL-AV-GLD,206
2026-W31,SOL-AV-GLD,170
2026-W06,SOL-AV-BLK,264
2026-W07,SOL-AV-BLK,223
2026-W08,SOL-AV-BLK,176
2026-W09,SOL-AV-BLK,129
2026-W10,SOL-AV-BLK,78
2026-W11,SOL-AV-BLK,34
2026-W12,SOL-AV-BLK,238
2026-W13,SOL-AV-BLK,192
2026-W14,SOL-AV-BLK,148
2026-W15,SOL-AV-BLK,107
2026-W16,SOL-AV-BLK,63
2026-W17,SOL-AV-BLK,219
2026-W18,SOL-AV-BLK,179
2026-W19,SOL-AV-BLK,136
2026-W20,SOL-AV-BLK,91
2026-W21,SOL-AV-BLK,45
2026-W22,SOL-AV-BLK,233
2026-W23,SOL-AV-BLK,188
2026-W24,SOL-AV-BLK,145
2026-W25,SOL-AV-BLK,105
2026-W26,SOL-AV-BLK,69
2026-W27,SOL-AV-BLK,258
2026-W28,SOL-AV-BLK,224
2026-W29,SOL-AV-BLK,192
2026-W30,SOL-AV-BLK,167
2026-W31,SOL-AV-BLK,141
2026-W06,MIR-CE-BLK,298
2026-W07,MIR-CE-BLK,243
2026-W08,MIR-CE-BLK,193
2026-W09,MIR-CE-BLK,135
2026-W10,MIR-CE-BLK,86
2026-W11,MIR-CE-BLK,292
2026-W12,MIR-CE-BLK,236
2026-W13,MIR-CE-BLK,188
2026-W14,MIR-CE-BLK,142
2026-W15,MIR-CE-BLK,94
2026-W16,MIR-CE-BLK,44
2026-W17,MIR-CE-BLK,252
2026-W18,MIR-CE-BLK,203
2026-W19,MIR-CE-BLK,158
2026-W20,MIR-CE-BLK,114
2026-W21,MIR-CE-BLK,56
2026-W22,MIR-CE-BLK,258
2026-W23,MIR-CE-BLK,206
2026-W24,MIR-CE-BLK,158
2026-W25,MIR-CE-BLK,113
2026-W26,MIR-CE-BLK,69
2026-W27,MIR-CE-BLK,289
2026-W28,MIR-CE-BLK,257
2026-W29,MIR-CE-BLK,224
2026-W30,MIR-CE-BLK,193
2026-W31,MIR-CE-BLK,164
2026-W06,MIR-CE-TOR,199
2026-W07,MIR-CE-TOR,167
2026-W08,MIR-CE-TOR,131
2026-W09,MIR-CE-TOR,91
2026-W10,MIR-CE-TOR,57
2026-W11,MIR-CE-TOR,192
2026-W12,MIR-CE-TOR,159
2026-W13,MIR-CE-TOR,122
2026-W14,MIR-CE-TOR,92
2026-W15,MIR-CE-TOR,59
2026-W16,MIR-CE-TOR,25
2026-W17,MIR-CE-TOR,160
2026-W18,MIR-CE-TOR,126
2026-W19,MIR-CE-TOR,96
2026-W20,MIR-CE-TOR,64
2026-W21,MIR-CE-TOR,28
2026-W22,MIR-CE-TOR,172
2026-W23,MIR-CE-TOR,142
2026-W24,MIR-CE-TOR,109
2026-W25,MIR-CE-TOR,80
2026-W26,MIR-CE-TOR,54
2026-W27,MIR-CE-TOR,192
2026-W28,MIR-CE-TOR,167
2026-W29,MIR-CE-TOR,144
2026-W30,MIR-CE-TOR,125
2026-W31,MIR-CE-TOR,105
2026-W06,KAI-RD-GLD,216
2026-W07,KAI-RD-GLD,177
2026-W08,KAI-RD-GLD,139
2026-W09,KAI-RD-GLD,97
2026-W10,KAI-RD-GLD,61
2026-W11,KAI-RD-GLD,208
2026-W12,KAI-RD-GLD,169
2026-W13,KAI-RD-GLD,130
2026-W14,KAI-RD-GLD,95
2026-W15,KAI-RD-GLD,57
2026-W16,KAI-RD-GLD,18
2026-W17,KAI-RD-GLD,174
2026-W18,KAI-RD-GLD,139
2026-W19,KAI-RD-GLD,102
2026-W20,KAI-RD-GLD,67
2026-W21,KAI-RD-GLD,32
2026-W22,KAI-RD-GLD,194
2026-W23,KAI-RD-GLD,163
2026-W24,KAI-RD-GLD,131
2026-W25,KAI-RD-GLD,101
2026-W26,KAI-RD-GLD,73
2026-W27,KAI-RD-GLD,46
2026-W28,KAI-RD-GLD,199
2026-W29,KAI-RD-GLD,173
2026-W30,KAI-RD-GLD,151
2026-W31,KAI-RD-GLD,129
2026-W06,KAI-RD-BLK,172
2026-W07,KAI-RD-BLK,140
2026-W08,KAI-RD-BLK,108
2026-W09,KAI-RD-BLK,75
2026-W10,KAI-RD-BLK,46
2026-W11,KAI-RD-BLK,170
2026-W12,KAI-RD-BLK,140
2026-W13,KAI-RD-BLK,111
2026-W14,KAI-RD-BLK,81
2026-W15,KAI-RD-BLK,53
2026-W16,KAI-RD-BLK,24
2026-W17,KAI-RD-BLK,144
2026-W18,KAI-RD-BLK,118
2026-W19,KAI-RD-BLK,89
2026-W20,KAI-RD-BLK,63
2026-W21,KAI-RD-BLK,32
2026-W22,KAI-RD-BLK,156
2026-W23,KAI-RD-BLK,128
2026-W24,KAI-RD-BLK,100
2026-W25,KAI-RD-BLK,73
2026-W26,KAI-RD-BLK,47
2026-W27,KAI-RD-BLK,166
2026-W28,KAI-RD-BLK,144
2026-W29,KAI-RD-BLK,126
2026-W30,KAI-RD-BLK,106
2026-W31,KAI-RD-BLK,86
2026-W06,ROW-BT-BLK,384
2026-W07,ROW-BT-BLK,316
2026-W08,ROW-BT-BLK,254
2026-W09,ROW-BT-BLK,178
2026-W10,ROW-BT-BLK,116
2026-W11,ROW-BT-BLK,371
2026-W12,ROW-BT-BLK,310
2026-W13,ROW-BT-BLK,238
2026-W14,ROW-BT-BLK,176
2026-W15,ROW-BT-BLK,113
2026-W16,ROW-BT-BLK,52
2026-W17,ROW-BT-BLK,320
2026-W18,ROW-BT-BLK,256
2026-W19,ROW-BT-BLK,196
2026-W20,ROW-BT-BLK,124
2026-W21,ROW-BT-BLK,50
2026-W22,ROW-BT-BLK,328
2026-W23,ROW-BT-BLK,248
2026-W24,ROW-BT-BLK,176
2026-W25,ROW-BT-BLK,104
2026-W26,ROW-BT-BLK,28
2026-W27,ROW-BT-BLK,331
2026-W28,ROW-BT-BLK,269
2026-W29,ROW-BT-BLK,201
2026-W30,ROW-BT-BLK,137
2026-W31,ROW-BT-BLK,79
2026-W06,ROW-BT-TAN,298
2026-W07,ROW-BT-TAN,249
2026-W08,ROW-BT-TAN,192
2026-W09,ROW-BT-TAN,132
2026-W10,ROW-BT-TAN,76
2026-W11,ROW-BT-TAN,284
2026-W12,ROW-BT-TAN,230
2026-W13,ROW-BT-TAN,176
2026-W14,ROW-BT-TAN,126
2026-W15,ROW-BT-TAN,78
2026-W16,ROW-BT-TAN,28
2026-W17,ROW-BT-TAN,242
2026-W18,ROW-BT-TAN,196
2026-W19,ROW-BT-TAN,145
2026-W20,ROW-BT-TAN,95
2026-W21,ROW-BT-TAN,35
2026-W22,ROW-BT-TAN,253
2026-W23,ROW-BT-TAN,190
2026-W24,ROW-BT-TAN,128
2026-W25,ROW-BT-TAN,66
2026-W26,ROW-BT-TAN,247
2026-W27,ROW-BT-TAN,200
2026-W28,ROW-BT-TAN,144
2026-W29,ROW-BT-TAN,90
2026-W30,ROW-BT-TAN,45
2026-W31,ROW-BT-TAN,278
2026-W06,QUI-CH-BLK,532
2026-W07,QUI-CH-BLK,445
2026-W08,QUI-CH-BLK,356
2026-W09,QUI-CH-BLK,246
2026-W10,QUI-CH-BLK,152
2026-W11,QUI-CH-BLK,512
2026-W12,QUI-CH-BLK,409
2026-W13,QUI-CH-BLK,315
2026-W14,QUI-CH-BLK,232
2026-W15,QUI-CH-BLK,147
2026-W16,QUI-CH-BLK,43
2026-W17,QUI-CH-BLK,427
2026-W18,QUI-CH-BLK,340
2026-W19,QUI-CH-BLK,258
2026-W20,QUI-CH-BLK,160
2026-W21,QUI-CH-BLK,41
2026-W22,QUI-CH-BLK,412
2026-W23,QUI-CH-BLK,276
2026-W24,QUI-CH-BLK,137
2026-W25,QUI-CH-BLK,12
2026-W26,QUI-CH-BLK,416
2026-W27,QUI-CH-BLK,345
2026-W28,QUI-CH-BLK,280
2026-W29,QUI-CH-BLK,216
2026-W30,QUI-CH-BLK,151
2026-W31,QUI-CH-BLK,536
2026-W06,QUI-CH-TAN,356
2026-W07,QUI-CH-TAN,300
2026-W08,QUI-CH-TAN,240
2026-W09,QUI-CH-TAN,178
2026-W10,QUI-CH-TAN,109
2026-W11,QUI-CH-TAN,44
2026-W12,QUI-CH-TAN,323
2026-W13,QUI-CH-TAN,256
2026-W14,QUI-CH-TAN,192
2026-W15,QUI-CH-TAN,126
2026-W16,QUI-CH-TAN,65
2026-W17,QUI-CH-TAN,301
2026-W18,QUI-CH-TAN,240
2026-W19,QUI-CH-TAN,181
2026-W20,QUI-CH-TAN,117
2026-W21,QUI-CH-TAN,44
2026-W22,QUI-CH-TAN,294
2026-W23,QUI-CH-TAN,232
2026-W24,QUI-CH-TAN,159
2026-W25,QUI-CH-TAN,86
2026-W26,QUI-CH-TAN,14
2026-W27,QUI-CH-TAN,305
2026-W28,QUI-CH-TAN,241
2026-W29,QUI-CH-TAN,177
2026-W30,QUI-CH-TAN,119
2026-W31,QUI-CH-TAN,61
2026-W06,FAY-WL-BLK,327
2026-W07,FAY-WL-BLK,273
2026-W08,FAY-WL-BLK,217
2026-W09,FAY-WL-BLK,161
2026-W10,FAY-WL-BLK,103
2026-W11,FAY-WL-BLK,43
2026-W12,FAY-WL-BLK,294
2026-W13,FAY-WL-BLK,239
2026-W14,FAY-WL-BLK,179
2026-W15,FAY-WL-BLK,119
2026-W16,FAY-WL-BLK,61
2026-W17,FAY-WL-BLK,263
2026-W18,FAY-WL-BLK,212
2026-W19,FAY-WL-BLK,162
2026-W20,FAY-WL-BLK,102
2026-W21,FAY-WL-BLK,33
2026-W22,FAY-WL-BLK,278
2026-W23,FAY-WL-BLK,220
2026-W24,FAY-WL-BLK,148
2026-W25,FAY-WL-BLK,83
2026-W26,FAY-WL-BLK,21
2026-W27,FAY-WL-BLK,290
2026-W28,FAY-WL-BLK,228
2026-W29,FAY-WL-BLK,165
2026-W30,FAY-WL-BLK,108
2026-W31,FAY-WL-BLK,58
2026-W06,FAY-WL-TAN,225
2026-W07,FAY-WL-TAN,189
2026-W08,FAY-WL-TAN,150
2026-W09,FAY-WL-TAN,106
2026-W10,FAY-WL-TAN,66
2026-W11,FAY-WL-TAN,29
2026-W12,FAY-WL-TAN,206
2026-W13,FAY-WL-TAN,168
2026-W14,FAY-WL-TAN,134
2026-W15,FAY-WL-TAN,99
2026-W16,FAY-WL-TAN,61
2026-W17,FAY-WL-TAN,18
2026-W18,FAY-WL-TAN,199
2026-W19,FAY-WL-TAN,164
2026-W20,FAY-WL-TAN,120
2026-W21,FAY-WL-TAN,76
2026-W22,FAY-WL-TAN,34
2026-W23,FAY-WL-TAN,193
2026-W24,FAY-WL-TAN,145
2026-W25,FAY-WL-TAN,96
2026-W26,FAY-WL-TAN,52
2026-W27,FAY-WL-TAN,200
2026-W28,FAY-WL-TAN,157
2026-W29,FAY-WL-TAN,120
2026-W30,FAY-WL-TAN,85
2026-W31,FAY-WL-TAN,50
2026-W06,IRI-PC-BLK,286
2026-W07,IRI-PC-BLK,241
2026-W08,IRI-PC-BLK,189
2026-W09,IRI-PC-BLK,138
2026-W10,IRI-PC-BLK,88
2026-W11,IRI-PC-BLK,36
2026-W12,IRI-PC-BLK,251
2026-W13,IRI-PC-BLK,206
2026-W14,IRI-PC-BLK,157
2026-W15,IRI-PC-BLK,111
2026-W16,IRI-PC-BLK,61
2026-W17,IRI-PC-BLK,230
2026-W18,IRI-PC-BLK,183
2026-W19,IRI-PC-BLK,133
2026-W20,IRI-PC-BLK,84
2026-W21,IRI-PC-BLK,22
2026-W22,IRI-PC-BLK,226
2026-W23,IRI-PC-BLK,172
2026-W24,IRI-PC-BLK,112
2026-W25,IRI-PC-BLK,57
2026-W26,IRI-PC-BLK,234
2026-W27,IRI-PC-BLK,190
2026-W28,IRI-PC-BLK,139
2026-W29,IRI-PC-BLK,88
2026-W30,IRI-PC-BLK,45
2026-W31,IRI-PC-BLK,254
2026-W06,TIL-CM-GLD,709
2026-W07,TIL-CM-GLD,581
2026-W08,TIL-CM-GLD,467
2026-W09,TIL-CM-GLD,339
2026-W10,TIL-CM-GLD,204
2026-W11,TIL-CM-GLD,86
2026-W12,TIL-CM-GLD,640
2026-W13,TIL-CM-GLD,524
2026-W14,TIL-CM-GLD,404
2026-W15,TIL-CM-GLD,280
2026-W16,TIL-CM-GLD,164
2026-W17,TIL-CM-GLD,582
2026-W18,TIL-CM-GLD,462
2026-W19,TIL-CM-GLD,335
2026-W20,TIL-CM-GLD,221
2026-W21,TIL-CM-GLD,33
2026-W22,TIL-CM-GLD,519
2026-W23,TIL-CM-GLD,341
2026-W24,TIL-CM-GLD,174
2026-W25,TIL-CM-GLD,0
2026-W26,TIL-CM-GLD,522
2026-W27,TIL-CM-GLD,429
2026-W28,TIL-CM-GLD,332
2026-W29,TIL-CM-GLD,242
2026-W30,TIL-CM-GLD,162
2026-W31,TIL-CM-GLD,708
2026-W06,TIL-CM-MIX,533
2026-W07,TIL-CM-MIX,450
2026-W08,TIL-CM-MIX,351
2026-W09,TIL-CM-MIX,254
2026-W10,TIL-CM-MIX,168
2026-W11,TIL-CM-MIX,76
2026-W12,TIL-CM-MIX,462
2026-W13,TIL-CM-MIX,377
2026-W14,TIL-CM-MIX,295
2026-W15,TIL-CM-MIX,211
2026-W16,TIL-CM-MIX,126
2026-W17,TIL-CM-MIX,434
2026-W18,TIL-CM-MIX,350
2026-W19,TIL-CM-MIX,262
2026-W20,TIL-CM-MIX,162
2026-W21,TIL-CM-MIX,49
2026-W22,TIL-CM-MIX,432
2026-W23,TIL-CM-MIX,333
2026-W24,TIL-CM-MIX,228
2026-W25,TIL-CM-MIX,114
2026-W26,TIL-CM-MIX,425
2026-W27,TIL-CM-MIX,333
2026-W28,TIL-CM-MIX,248
2026-W29,TIL-CM-MIX,148
2026-W30,TIL-CM-MIX,63
2026-W31,TIL-CM-MIX,467
2026-W06,BO-TSL-TAN,434
2026-W07,BO-TSL-TAN,361
2026-W08,BO-TSL-TAN,283
2026-W09,BO-TSL-TAN,196
2026-W10,BO-TSL-TAN,120
2026-W11,BO-TSL-TAN,407
2026-W12,BO-TSL-TAN,324
2026-W13,BO-TSL-TAN,241
2026-W14,BO-TSL-TAN,163
2026-W15,BO-TSL-TAN,86
2026-W16,BO-TSL-TAN,349
2026-W17,BO-TSL-TAN,272
2026-W18,BO-TSL-TAN,196
2026-W19,BO-TSL-TAN,127
2026-W20,BO-TSL-TAN,59
2026-W21,BO-TSL-TAN,344
2026-W22,BO-TSL-TAN,265
2026-W23,BO-TSL-TAN,182
2026-W24,BO-TSL-TAN,91
2026-W25,BO-TSL-TAN,10
2026-W26,BO-TSL-TAN,364
2026-W27,BO-TSL-TAN,296
2026-W28,BO-TSL-TAN,216
2026-W29,BO-TSL-TAN,140
2026-W30,BO-TSL-TAN,72
2026-W31,BO-TSL-TAN,383
