month,sku,target_units,target_revenue,source_document
2026-02,MRL-CB-TAN,407,118599.8,Monthly_Trading_Meeting_2026-02.pdf
2026-03,MRL-CB-TAN,505,147157.0,Monthly_Trading_Meeting_2026-03.pdf
2026-04,MRL-CB-TAN,401,116851.4,Monthly_Trading_Meeting_2026-04.pdf
2026-05,MRL-CB-TAN,481,140163.4,Monthly_Trading_Meeting_2026-05.pdf
2026-06,MRL-CB-TAN,660,192324.0,Monthly_Trading_Meeting_2026-06.pdf
2026-07,MRL-CB-TAN,401,116851.4,Monthly_Trading_Meeting_2026-07.pdf
2026-02,MRL-CB-BLK,515,150071.0,Monthly_Trading_Meeting_2026-02.pdf
2026-03,MRL-CB-BLK,638,185913.2,Monthly_Trading_Meeting_2026-03.pdf
2026-04,MRL-CB-BLK,507,147739.8,Monthly_Trading_Meeting_2026-04.pdf
2026-05,MRL-CB-BLK,608,177171.2,Monthly_Trading_Meeting_2026-05.pdf
2026-06,MRL-CB-BLK,833,242736.2,Monthly_Trading_Meeting_2026-06.pdf
2026-07,MRL-CB-BLK,507,147739.8,Monthly_Trading_Meeting_2026-07.pdf
2026-02,MRL-CB-CRM,334,92932.16,Monthly_Trading_Meeting_2026-02.pdf
2026-03,MRL-CB-CRM,415,115469.6,Monthly_Trading_Meeting_2026-03.pdf
2026-04,MRL-CB-CRM,329,91540.96,Monthly_Trading_Meeting_2026-04.pdf
2026-05,MRL-CB-CRM,354,98496.96,Monthly_Trading_Meeting_2026-05.pdf
2026-06,MRL-CB-CRM,459,127712.16,Monthly_Trading_Meeting_2026-06.pdf
2026-07,MRL-CB-CRM,329,91540.96,Monthly_Trading_Meeting_2026-07.pdf
2026-02,MRL-CB-OLV,180,42300.0,Monthly_Trading_Meeting_2026-02.pdf
2026-03,MRL-CB-OLV,223,52405.0,Monthly_Trading_Meeting_2026-03.pdf
2026-04,MRL-CB-OLV,177,41595.0,Monthly_Trading_Meeting_2026-04.pdf
2026-05,MRL-CB-OLV,191,44885.0,Monthly_Trading_Meeting_2026-05.pdf
2026-06,MRL-CB-OLV,247,58045.0,Monthly_Trading_Meeting_2026-06.pdf
2026-07,MRL-CB-OLV,177,41595.0,Monthly_Trading_Meeting_2026-07.pdf
2026-02,SIE-TT-BLK,300,118440.0,Monthly_Trading_Meeting_2026-02.pdf
2026-03,SIE-TT-BLK,372,146865.6,Monthly_Trading_Meeting_2026-03.pdf
2026-04,SIE-TT-BLK,296,116860.8,Monthly_Trading_Meeting_2026-04.pdf
2026-05,SIE-TT-BLK,355,140154.0,Monthly_Trading_Meeting_2026-05.pdf
2026-06,SIE-TT-BLK,486,191872.8,Monthly_Trading_Meeting_2026-06.pdf
2026-07,SIE-TT-BLK,296,116860.8,Monthly_Trading_Meeting_2026-07.pdf
2026-02,SIE-TT-TAN,232,91593.6,Monthly_Trading_Meeting_2026-02.pdf
2026-03,SIE-TT-TAN,287,113307.6,Monthly_Trading_Meeting_2026-03.pdf
2026-04,SIE-TT-TAN,228,90014.4,Monthly_Trading_Meeting_2026-04.pdf
2026-05,SIE-TT-TAN,245,96726.0,Monthly_Trading_Meeting_2026-05.pdf
2026-06,SIE-TT-TAN,318,125546.4,Monthly_Trading_Meeting_2026-06.pdf
2026-07,SIE-TT-TAN,228,90014.4,Monthly_Trading_Meeting_2026-07.pdf
2026-02,SIE-TT-NVY,163,64352.4,Monthly_Trading_Meeting_2026-02.pdf
2026-03,SIE-TT-NVY,202,79749.6,Monthly_Trading_Meeting_2026-03.pdf
2026-04,SIE-TT-NVY,160,63168.0,Monthly_Trading_Meeting_2026-04.pdf
2026-05,SIE-TT-NVY,173,68300.4,Monthly_Trading_Meeting_2026-05.pdf
2026-06,SIE-TT-NVY,224,88435.2,Monthly_Trading_Meeting_2026-06.pdf
2026-07,SIE-TT-NVY,160,63168.0,Monthly_Trading_Meeting_2026-07.pdf
2026-02,PIP-CL-BLK,189,39085.2,Monthly_Trading_Meeting_2026-02.pdf
2026-03,PIP-CL-BLK,234,48391.2,Monthly_Trading_Meeting_2026-03.pdf
2026-04,PIP-CL-BLK,186,38464.8,Monthly_Trading_Meeting_2026-04.pdf
2026-05,PIP-CL-BLK,200,41360.0,Monthly_Trading_Meeting_2026-05.pdf
2026-06,PIP-CL-BLK,259,53561.2,Monthly_Trading_Meeting_2026-06.pdf
2026-07,PIP-CL-BLK,186,38464.8,Monthly_Trading_Meeting_2026-07.pdf
2026-02,PIP-CL-GLD,116,26169.6,Monthly_Trading_Meeting_2026-02.pdf
2026-03,PIP-CL-GLD,143,32260.8,Monthly_Trading_Meeting_2026-03.pdf
2026-04,PIP-CL-GLD,114,25718.4,Monthly_Trading_Meeting_2026-04.pdf
2026-05,PIP-CL-GLD,123,27748.8,Monthly_Trading_Meeting_2026-05.pdf
2026-06,PIP-CL-GLD,159,35870.4,Monthly_Trading_Meeting_2026-06.pdf
2026-07,PIP-CL-GLD,114,25718.4,Monthly_Trading_Meeting_2026-07.pdf
2026-02,AST-BP-BLK,249,88942.8,Monthly_Trading_Meeting_2026-02.pdf
2026-03,AST-BP-BLK,308,110017.6,Monthly_Trading_Meeting_2026-03.pdf
2026-04,AST-BP-BLK,245,87514.0,Monthly_Trading_Meeting_2026-04.pdf
2026-05,AST-BP-BLK,263,93943.6,Monthly_Trading_Meeting_2026-05.pdf
2026-06,AST-BP-BLK,341,121805.2,Monthly_Trading_Meeting_2026-06.pdf
2026-07,AST-BP-BLK,245,87514.0,Monthly_Trading_Meeting_2026-07.pdf
2026-02,AST-BP-GRY,146,52151.2,Monthly_Trading_Meeting_2026-02.pdf
2026-03,AST-BP-GRY,181,64653.2,Monthly_Trading_Meeting_2026-03.pdf
2026-04,AST-BP-GRY,144,51436.8,Monthly_Trading_Meeting_2026-04.pdf
2026-05,AST-BP-GRY,154,55008.8,Monthly_Trading_Meeting_2026-05.pdf
2026-06,AST-BP-GRY,200,71440.0,Monthly_Trading_Meeting_2026-06.pdf
2026-07,AST-BP-GRY,144,51436.8,Monthly_Trading_Meeting_2026-07.pdf
2026-02,JUN-BK-TAN,202,64559.2,Monthly_Trading_Meeting_2026-02.pdf
2026-03,JUN-BK-TAN,250,79900.0,Monthly_Trading_Meeting_2026-03.pdf
2026-04,JUN-BK-TAN,198,63280.8,Monthly_Trading_Meeting_2026-04.pdf
2026-05,JUN-BK-TAN,213,68074.8,Monthly_Trading_Meeting_2026-05.pdf
2026-06,JUN-BK-TAN,277,88529.2,Monthly_Trading_Meeting_2026-06.pdf
2026-07,JUN-BK-TAN,198,63280.8,Monthly_Trading_Meeting_2026-07.pdf
2026-02,JUN-BK-BLK,223,71270.8,Monthly_Trading_Meeting_2026-02.pdf
2026-03,JUN-BK-BLK,276,88209.6,Monthly_Trading_Meeting_2026-03.pdf
2026-04,JUN-BK-BLK,220,70312.0,Monthly_Trading_Meeting_2026-04.pdf
2026-05,JUN-BK-BLK,236,75425.6,Monthly_Trading_Meeting_2026-05.pdf
2026-06,JUN-BK-BLK,306,97797.6,Monthly_Trading_Meeting_2026-06.pdf
2026-07,JUN-BK-BLK,220,70312.0,Monthly_Trading_Meeting_2026-07.pdf
2026-02,ELL-MN-BLK,270,65988.0,Monthly_Trading_Meeting_2026-02.pdf
2026-03,ELL-MN-BLK,335,81874.0,Monthly_Trading_Meeting_2026-03.pdf
2026-04,ELL-MN-BLK,266,65010.4,Monthly_Trading_Meeting_2026-04.pdf
2026-05,ELL-MN-BLK,286,69898.4,Monthly_Trading_Meeting_2026-05.pdf
2026-06,ELL-MN-BLK,371,90672.4,Monthly_Trading_Meeting_2026-06.pdf
2026-07,ELL-MN-BLK,266,65010.4,Monthly_Trading_Meeting_2026-07.pdf
2026-02,ELL-MN-PNK,133,32505.2,Monthly_Trading_Meeting_2026-02.pdf
2026-03,ELL-MN-PNK,165,40326.0,Monthly_Trading_Meeting_2026-03.pdf
2026-04,ELL-MN-PNK,131,32016.4,Monthly_Trading_Meeting_2026-04.pdf
2026-05,ELL-MN-PNK,141,34460.4,Monthly_Trading_Meeting_2026-05.pdf
2026-06,ELL-MN-PNK,182,44480.8,Monthly_Trading_Meeting_2026-06.pdf
2026-07,ELL-MN-PNK,131,32016.4,Monthly_Trading_Meeting_2026-07.pdf
2026-02,NAD-LF-BLK-35,35,9541.0,Monthly_Trading_Meeting_2026-02.pdf
2026-03,NAD-LF-BLK-35,44,11994.4,Monthly_Trading_Meeting_2026-03.pdf
2026-04,NAD-LF-BLK-35,35,9541.0,Monthly_Trading_Meeting_2026-04.pdf
2026-05,NAD-LF-BLK-35,37,10086.2,Monthly_Trading_Meeting_2026-05.pdf
2026-06,NAD-LF-BLK-35,48,13084.8,Monthly_Trading_Meeting_2026-06.pdf
2026-07,NAD-LF-BLK-35,35,9541.0,Monthly_Trading_Meeting_2026-07.pdf
2026-02,NAD-LF-BLK-36,77,20990.2,Monthly_Trading_Meeting_2026-02.pdf
2026-03,NAD-LF-BLK-36,96,26169.6,Monthly_Trading_Meeting_2026-03.pdf
2026-04,NAD-LF-BLK-36,76,20717.6,Monthly_Trading_Meeting_2026-04.pdf
2026-05,NAD-LF-BLK-36,82,22353.2,Monthly_Trading_Meeting_2026-05.pdf
2026-06,NAD-LF-BLK-36,106,28895.6,Monthly_Trading_Meeting_2026-06.pdf
2026-07,NAD-LF-BLK-36,76,20717.6,Monthly_Trading_Meeting_2026-07.pdf
2026-02,NAD-LF-BLK-37,91,24806.6,Monthly_Trading_Meeting_2026-02.pdf
2026-03,NAD-LF-BLK-37,113,30803.8,Monthly_Trading_Meeting_2026-03.pdf
2026-04,NAD-LF-BLK-37,90,24534.0,Monthly_Trading_Meeting_2026-04.pdf
2026-05,NAD-LF-BLK-37,97,26442.2,Monthly_Trading_Meeting_2026-05.pdf
2026-06,NAD-LF-BLK-37,125,34075.0,Monthly_Trading_Meeting_2026-06.pdf
2026-07,NAD-LF-BLK-37,90,24534.0,Monthly_Trading_Meeting_2026-07.pdf
2026-02,NAD-LF-BLK-38,77,20990.2,Monthly_Trading_Meeting_2026-02.pdf
2026-03,NAD-LF-BLK-38,96,26169.6,Monthly_Trading_Meeting_2026-03.pdf
2026-04,NAD-LF-BLK-38,76,20717.6,Monthly_Trading_Meeting_2026-04.pdf
2026-05,NAD-LF-BLK-38,82,22353.2,Monthly_Trading_Meeting_2026-05.pdf
2026-06,NAD-LF-BLK-38,106,28895.6,Monthly_Trading_Meeting_2026-06.pdf
2026-07,NAD-LF-BLK-38,76,20717.6,Monthly_Trading_Meeting_2026-07.pdf
2026-02,NAD-LF-BLK-39,49,13357.4,Monthly_Trading_Meeting_2026-02.pdf
2026-03,NAD-LF-BLK-39,61,16628.6,Monthly_Trading_Meeting_2026-03.pdf
2026-04,NAD-LF-BLK-39,48,13084.8,Monthly_Trading_Meeting_2026-04.pdf
2026-05,NAD-LF-BLK-39,52,14175.2,Monthly_Trading_Meeting_2026-05.pdf
2026-06,NAD-LF-BLK-39,68,18536.8,Monthly_Trading_Meeting_2026-06.pdf
2026-07,NAD-LF-BLK-39,48,13084.8,Monthly_Trading_Meeting_2026-07.pdf
2026-02,NAD-LF-BLK-40,21,5724.6,Monthly_Trading_Meeting_2026-02.pdf
2026-03,NAD-LF-BLK-40,26,7087.6,Monthly_Trading_Meeting_2026-03.pdf
2026-04,NAD-LF-BLK-40,21,5724.6,Monthly_Trading_Meeting_2026-04.pdf
2026-05,NAD-LF-BLK-40,22,5997.2,Monthly_Trading_Meeting_2026-05.pdf
2026-06,NAD-LF-BLK-40,29,7905.4,Monthly_Trading_Meeting_2026-06.pdf
2026-07,NAD-LF-BLK-40,21,5724.6,Monthly_Trading_Meeting_2026-07.pdf
2026-02,NAD-LF-TAN-35,25,6815.0,Monthly_Trading_Meeting_2026-02.pdf
2026-03,NAD-LF-TAN-35,31,8450.6,Monthly_Trading_Meeting_2026-03.pdf
2026-04,NAD-LF-TAN-35,24,6542.4,Monthly_Trading_Meeting_2026-04.pdf
2026-05,NAD-LF-TAN-35,26,7087.6,Monthly_Trading_Meeting_2026-05.pdf
2026-06,NAD-LF-TAN-35,34,9268.4,Monthly_Trading_Meeting_2026-06.pdf
2026-07,NAD-LF-TAN-35,24,6542.4,Monthly_Trading_Meeting_2026-07.pdf
2026-02,NAD-LF-TAN-36,55,14993.0,Monthly_Trading_Meeting_2026-02.pdf
2026-03,NAD-LF-TAN-36,68,18536.8,Monthly_Trading_Meeting_2026-03.pdf
2026-04,NAD-LF-TAN-36,54,14720.4,Monthly_Trading_Meeting_2026-04.pdf
2026-05,NAD-LF-TAN-36,58,15810.8,Monthly_Trading_Meeting_2026-05.pdf
2026-06,NAD-LF-TAN-36,75,20445.0,Monthly_Trading_Meeting_2026-06.pdf
2026-07,NAD-LF-TAN-36,54,14720.4,Monthly_Trading_Meeting_2026-07.pdf
2026-02,NAD-LF-TAN-37,65,17719.0,Monthly_Trading_Meeting_2026-02.pdf
2026-03,NAD-LF-TAN-37,80,21808.0,Monthly_Trading_Meeting_2026-03.pdf
2026-04,NAD-LF-TAN-37,64,17446.4,Monthly_Trading_Meeting_2026-04.pdf
2026-05,NAD-LF-TAN-37,68,18536.8,Monthly_Trading_Meeting_2026-05.pdf
2026-06,NAD-LF-TAN-37,89,24261.4,Monthly_Trading_Meeting_2026-06.pdf
2026-07,NAD-LF-TAN-37,64,17446.4,Monthly_Trading_Meeting_2026-07.pdf
2026-02,NAD-LF-TAN-38,55,14993.0,Monthly_Trading_Meeting_2026-02.pdf
2026-03,NAD-LF-TAN-38,68,18536.8,Monthly_Trading_Meeting_2026-03.pdf
2026-04,NAD-LF-TAN-38,54,14720.4,Monthly_Trading_Meeting_2026-04.pdf
2026-05,NAD-LF-TAN-38,58,15810.8,Monthly_Trading_Meeting_2026-05.pdf
2026-06,NAD-LF-TAN-38,75,20445.0,Monthly_Trading_Meeting_2026-06.pdf
2026-07,NAD-LF-TAN-38,54,14720.4,Monthly_Trading_Meeting_2026-07.pdf
2026-02,NAD-LF-TAN-39,35,9541.0,Monthly_Trading_Meeting_2026-02.pdf
2026-03,NAD-LF-TAN-39,43,11721.8,Monthly_Trading_Meeting_2026-03.pdf
2026-04,NAD-LF-TAN-39,34,9268.4,Monthly_Trading_Meeting_2026-04.pdf
2026-05,NAD-LF-TAN-39,37,10086.2,Monthly_Trading_Meeting_2026-05.pdf
2026-06,NAD-LF-TAN-39,48,13084.8,Monthly_Trading_Meeting_2026-06.pdf
2026-07,NAD-LF-TAN-39,34,9268.4,Monthly_Trading_Meeting_2026-07.pdf
2026-02,NAD-LF-TAN-40,15,4089.0,Monthly_Trading_Meeting_2026-02.pdf
2026-03,NAD-LF-TAN-40,18,4906.8,Monthly_Trading_Meeting_2026-03.pdf
2026-04,NAD-LF-TAN-40,15,4089.0,Monthly_Trading_Meeting_2026-04.pdf
2026-05,NAD-LF-TAN-40,16,4361.6,Monthly_Trading_Meeting_2026-05.pdf
2026-06,NAD-LF-TAN-40,20,5452.0,Monthly_Trading_Meeting_2026-06.pdf
2026-07,NAD-LF-TAN-40,15,4089.0,Monthly_Trading_Meeting_2026-07.pdf
2026-02,VER-HL-BLK-35,24,7444.8,Monthly_Trading_Meeting_2026-02.pdf
2026-03,VER-HL-BLK-35,29,8995.8,Monthly_Trading_Meeting_2026-03.pdf
2026-04,VER-HL-BLK-35,23,7134.6,Monthly_Trading_Meeting_2026-04.pdf
2026-05,VER-HL-BLK-35,25,7755.0,Monthly_Trading_Meeting_2026-05.pdf
2026-06,VER-HL-BLK-35,32,9926.4,Monthly_Trading_Meeting_2026-06.pdf
2026-07,VER-HL-BLK-35,23,7134.6,Monthly_Trading_Meeting_2026-07.pdf
2026-02,VER-HL-BLK-36,49,15199.8,Monthly_Trading_Meeting_2026-02.pdf
2026-03,VER-HL-BLK-36,61,18922.2,Monthly_Trading_Meeting_2026-03.pdf
2026-04,VER-HL-BLK-36,49,15199.8,Monthly_Trading_Meeting_2026-04.pdf
2026-05,VER-HL-BLK-36,52,16130.4,Monthly_Trading_Meeting_2026-05.pdf
2026-06,VER-HL-BLK-36,68,21093.6,Monthly_Trading_Meeting_2026-06.pdf
2026-07,VER-HL-BLK-36,49,15199.8,Monthly_Trading_Meeting_2026-07.pdf
2026-02,VER-HL-BLK-37,58,17991.6,Monthly_Trading_Meeting_2026-02.pdf
2026-03,VER-HL-BLK-37,72,22334.4,Monthly_Trading_Meeting_2026-03.pdf
2026-04,VER-HL-BLK-37,57,17681.4,Monthly_Trading_Meeting_2026-04.pdf
2026-05,VER-HL-BLK-37,61,18922.2,Monthly_Trading_Meeting_2026-05.pdf
2026-06,VER-HL-BLK-37,79,24505.8,Monthly_Trading_Meeting_2026-06.pdf
2026-07,VER-HL-BLK-37,57,17681.4,Monthly_Trading_Meeting_2026-07.pdf
2026-02,VER-HL-BLK-38,45,13959.0,Monthly_Trading_Meeting_2026-02.pdf
2026-03,VER-HL-BLK-38,56,17371.2,Monthly_Trading_Meeting_2026-03.pdf
2026-04,VER-HL-BLK-38,44,13648.8,Monthly_Trading_Meeting_2026-04.pdf
2026-05,VER-HL-BLK-38,48,14889.6,Monthly_Trading_Meeting_2026-05.pdf
2026-06,VER-HL-BLK-38,62,19232.4,Monthly_Trading_Meeting_2026-06.pdf
2026-07,VER-HL-BLK-38,44,13648.8,Monthly_Trading_Meeting_2026-07.pdf
2026-02,VER-HL-BLK-39,28,8685.6,Monthly_Trading_Meeting_2026-02.pdf
2026-03,VER-HL-BLK-39,35,10857.0,Monthly_Trading_Meeting_2026-03.pdf
2026-04,VER-HL-BLK-39,27,8375.4,Monthly_Trading_Meeting_2026-04.pdf
2026-05,VER-HL-BLK-39,30,9306.0,Monthly_Trading_Meeting_2026-05.pdf
2026-06,VER-HL-BLK-39,38,11787.6,Monthly_Trading_Meeting_2026-06.pdf
2026-07,VER-HL-BLK-39,27,8375.4,Monthly_Trading_Meeting_2026-07.pdf
2026-02,VER-HL-BLK-40,11,3412.2,Monthly_Trading_Meeting_2026-02.pdf
2026-03,VER-HL-BLK-40,13,4032.6,Monthly_Trading_Meeting_2026-03.pdf
2026-04,VER-HL-BLK-40,11,3412.2,Monthly_Trading_Meeting_2026-04.pdf
2026-05,VER-HL-BLK-40,11,3412.2,Monthly_Trading_Meeting_2026-05.pdf
2026-06,VER-HL-BLK-40,15,4653.0,Monthly_Trading_Meeting_2026-06.pdf
2026-07,VER-HL-BLK-40,11,3412.2,Monthly_Trading_Meeting_2026-07.pdf
2026-02,VER-HL-RED-35,11,3412.2,Monthly_Trading_Meeting_2026-02.pdf
2026-03,VER-HL-RED-35,14,4342.8,Monthly_Trading_Meeting_2026-03.pdf
2026-04,VER-HL-RED-35,11,3412.2,Monthly_Trading_Meeting_2026-04.pdf
2026-05,VER-HL-RED-35,12,3722.4,Monthly_Trading_Meeting_2026-05.pdf
2026-06,VER-HL-RED-35,16,4963.2,Monthly_Trading_Meeting_2026-06.pdf
2026-07,VER-HL-RED-35,11,3412.2,Monthly_Trading_Meeting_2026-07.pdf
2026-02,VER-HL-RED-36,24,7444.8,Monthly_Trading_Meeting_2026-02.pdf
2026-03,VER-HL-RED-36,29,8995.8,Monthly_Trading_Meeting_2026-03.pdf
2026-04,VER-HL-RED-36,23,7134.6,Monthly_Trading_Meeting_2026-04.pdf
2026-05,VER-HL-RED-36,25,7755.0,Monthly_Trading_Meeting_2026-05.pdf
2026-06,VER-HL-RED-36,32,9926.4,Monthly_Trading_Meeting_2026-06.pdf
2026-07,VER-HL-RED-36,23,7134.6,Monthly_Trading_Meeting_2026-07.pdf
2026-02,VER-HL-RED-37,28,8685.6,Monthly_Trading_Meeting_2026-02.pdf
2026-03,VER-HL-RED-37,34,10546.8,Monthly_Trading_Meeting_2026-03.pdf
2026-04,VER-HL-RED-37,27,8375.4,Monthly_Trading_Meeting_2026-04.pdf
2026-05,VER-HL-RED-37,29,8995.8,Monthly_Trading_Meeting_2026-05.pdf
2026-06,VER-HL-RED-37,38,11787.6,Monthly_Trading_Meeting_2026-06.pdf
2026-07,VER-HL-RED-37,27,8375.4,Monthly_Trading_Meeting_2026-07.pdf
2026-02,VER-HL-RED-38,22,6824.4,Monthly_Trading_Meeting_2026-02.pdf
2026-03,VER-HL-RED-38,27,8375.4,Monthly_Trading_Meeting_2026-03.pdf
2026-04,VER-HL-RED-38,21,6514.2,Monthly_Trading_Meeting_2026-04.pdf
2026-05,VER-HL-RED-38,23,7134.6,Monthly_Trading_Meeting_2026-05.pdf
2026-06,VER-HL-RED-38,30,9306.0,Monthly_Trading_Meeting_2026-06.pdf
2026-07,VER-HL-RED-38,21,6514.2,Monthly_Trading_Meeting_2026-07.pdf
2026-02,VER-HL-RED-39,13,4032.6,Monthly_Trading_Meeting_2026-02.pdf
2026-03,VER-HL-RED-39,17,5273.4,Monthly_Trading_Meeting_2026-03.pdf
2026-04,VER-HL-RED-39,13,4032.6,Monthly_Trading_Meeting_2026-04.pdf
2026-05,VER-HL-RED-39,14,4342.8,Monthly_Trading_Meeting_2026-05.pdf
2026-06,VER-HL-RED-39,18,5583.6,Monthly_Trading_Meeting_2026-06.pdf
2026-07,VER-HL-RED-39,13,4032.6,Monthly_Trading_Meeting_2026-07.pdf
2026-02,VER-HL-RED-40,9,2791.8,Monthly_Trading_Meeting_2026-02.pdf
2026-03,VER-HL-RED-40,11,3412.2,Monthly_Trading_Meeting_2026-03.pdf
2026-04,VER-HL-RED-40,8,2481.6,Monthly_Trading_Meeting_2026-04.pdf
2026-05,VER-HL-RED-40,9,2791.8,Monthly_Trading_Meeting_2026-05.pdf
2026-06,VER-HL-RED-40,12,3722.4,Monthly_Trading_Meeting_2026-06.pdf
2026-07,VER-HL-RED-40,8,2481.6,Monthly_Trading_Meeting_2026-07.pdf
2026-02,CLE-SD-TAN-35,35,6909.0,Monthly_Trading_Meeting_2026-02.pdf
2026-03,CLE-SD-TAN-35,43,8488.2,Monthly_Trading_Meeting_2026-03.pdf
2026-04,CLE-SD-TAN-35,34,6711.6,Monthly_Trading_Meeting_2026-04.pdf
2026-05,CLE-SD-TAN-35,37,7303.8,Monthly_Trading_Meeting_2026-05.pdf
2026-06,CLE-SD-TAN-35,48,9475.2,Monthly_Trading_Meeting_2026-06.pdf
2026-07,CLE-SD-TAN-35,34,6711.6,Monthly_Trading_Meeting_2026-07.pdf
2026-02,CLE-SD-TAN-36,70,13818.0,Monthly_Trading_Meeting_2026-02.pdf
2026-03,CLE-SD-TAN-36,87,17173.8,Monthly_Trading_Meeting_2026-03.pdf
2026-04,CLE-SD-TAN-36,69,13620.6,Monthly_Trading_Meeting_2026-04.pdf
2026-05,CLE-SD-TAN-36,74,14607.6,Monthly_Trading_Meeting_2026-05.pdf
2026-06,CLE-SD-TAN-36,96,18950.4,Monthly_Trading_Meeting_2026-06.pdf
2026-07,CLE-SD-TAN-36,69,13620.6,Monthly_Trading_Meeting_2026-07.pdf
2026-02,CLE-SD-TAN-37,76,15002.4,Monthly_Trading_Meeting_2026-02.pdf
2026-03,CLE-SD-TAN-37,94,18555.6,Monthly_Trading_Meeting_2026-03.pdf
2026-04,CLE-SD-TAN-37,75,14805.0,Monthly_Trading_Meeting_2026-04.pdf
2026-05,CLE-SD-TAN-37,80,15792.0,Monthly_Trading_Meeting_2026-05.pdf
2026-06,CLE-SD-TAN-37,104,20529.6,Monthly_Trading_Meeting_2026-06.pdf
2026-07,CLE-SD-TAN-37,75,14805.0,Monthly_Trading_Meeting_2026-07.pdf
2026-02,CLE-SD-TAN-38,58,11449.2,Monthly_Trading_Meeting_2026-02.pdf
2026-03,CLE-SD-TAN-38,72,14212.8,Monthly_Trading_Meeting_2026-03.pdf
2026-04,CLE-SD-TAN-38,57,11251.8,Monthly_Trading_Meeting_2026-04.pdf
2026-05,CLE-SD-TAN-38,62,12238.8,Monthly_Trading_Meeting_2026-05.pdf
2026-06,CLE-SD-TAN-38,80,15792.0,Monthly_Trading_Meeting_2026-06.pdf
2026-07,CLE-SD-TAN-38,57,11251.8,Monthly_Trading_Meeting_2026-07.pdf
2026-02,CLE-SD-TAN-39,38,7501.2,Monthly_Trading_Meeting_2026-02.pdf
2026-03,CLE-SD-TAN-39,47,9277.8,Monthly_Trading_Meeting_2026-03.pdf
2026-04,CLE-SD-TAN-39,37,7303.8,Monthly_Trading_Meeting_2026-04.pdf
2026-05,CLE-SD-TAN-39,40,7896.0,Monthly_Trading_Meeting_2026-05.pdf
2026-06,CLE-SD-TAN-39,52,10264.8,Monthly_Trading_Meeting_2026-06.pdf
2026-07,CLE-SD-TAN-39,37,7303.8,Monthly_Trading_Meeting_2026-07.pdf
2026-02,CLE-SD-TAN-40,15,2961.0,Monthly_Trading_Meeting_2026-02.pdf
2026-03,CLE-SD-TAN-40,18,3553.2,Monthly_Trading_Meeting_2026-03.pdf
2026-04,CLE-SD-TAN-40,14,2763.6,Monthly_Trading_Meeting_2026-04.pdf
2026-05,CLE-SD-TAN-40,15,2961.0,Monthly_Trading_Meeting_2026-05.pdf
2026-06,CLE-SD-TAN-40,20,3948.0,Monthly_Trading_Meeting_2026-06.pdf
2026-07,CLE-SD-TAN-40,14,2763.6,Monthly_Trading_Meeting_2026-07.pdf
2026-02,CLE-SD-WHT-35,23,4540.2,Monthly_Trading_Meeting_2026-02.pdf
2026-03,CLE-SD-WHT-35,28,5527.2,Monthly_Trading_Meeting_2026-03.pdf
2026-04,CLE-SD-WHT-35,22,4342.8,Monthly_Trading_Meeting_2026-04.pdf
2026-05,CLE-SD-WHT-35,24,4737.6,Monthly_Trading_Meeting_2026-05.pdf
2026-06,CLE-SD-WHT-35,31,6119.4,Monthly_Trading_Meeting_2026-06.pdf
2026-07,CLE-SD-WHT-35,22,4342.8,Monthly_Trading_Meeting_2026-07.pdf
2026-02,CLE-SD-WHT-36,45,8883.0,Monthly_Trading_Meeting_2026-02.pdf
2026-03,CLE-SD-WHT-36,56,11054.4,Monthly_Trading_Meeting_2026-03.pdf
2026-04,CLE-SD-WHT-36,45,8883.0,Monthly_Trading_Meeting_2026-04.pdf
2026-05,CLE-SD-WHT-36,48,9475.2,Monthly_Trading_Meeting_2026-05.pdf
2026-06,CLE-SD-WHT-36,62,12238.8,Monthly_Trading_Meeting_2026-06.pdf
2026-07,CLE-SD-WHT-36,45,8883.0,Monthly_Trading_Meeting_2026-07.pdf
2026-02,CLE-SD-WHT-37,49,9672.6,Monthly_Trading_Meeting_2026-02.pdf
2026-03,CLE-SD-WHT-37,61,12041.4,Monthly_Trading_Meeting_2026-03.pdf
2026-04,CLE-SD-WHT-37,48,9475.2,Monthly_Trading_Meeting_2026-04.pdf
2026-05,CLE-SD-WHT-37,52,10264.8,Monthly_Trading_Meeting_2026-05.pdf
2026-06,CLE-SD-WHT-37,67,13225.8,Monthly_Trading_Meeting_2026-06.pdf
2026-07,CLE-SD-WHT-37,48,9475.2,Monthly_Trading_Meeting_2026-07.pdf
2026-02,CLE-SD-WHT-38,38,7501.2,Monthly_Trading_Meeting_2026-02.pdf
2026-03,CLE-SD-WHT-38,47,9277.8,Monthly_Trading_Meeting_2026-03.pdf
2026-04,CLE-SD-WHT-38,37,7303.8,Monthly_Trading_Meeting_2026-04.pdf
2026-05,CLE-SD-WHT-38,40,7896.0,Monthly_Trading_Meeting_2026-05.pdf
2026-06,CLE-SD-WHT-38,52,10264.8,Monthly_Trading_Meeting_2026-06.pdf
2026-07,CLE-SD-WHT-38,37,7303.8,Monthly_Trading_Meeting_2026-07.pdf
2026-02,CLE-SD-WHT-39,25,4935.0,Monthly_Trading_Meeting_2026-02.pdf
2026-03,CLE-SD-WHT-39,30,5922.0,Monthly_Trading_Meeting_2026-03.pdf
2026-04,CLE-SD-WHT-39,24,4737.6,Monthly_Trading_Meeting_2026-04.pdf
2026-05,CLE-SD-WHT-39,26,5132.4,Monthly_Trading_Meeting_2026-05.pdf
2026-06,CLE-SD-WHT-39,34,6711.6,Monthly_Trading_Meeting_2026-06.pdf
2026-07,CLE-SD-WHT-39,24,4737.6,Monthly_Trading_Meeting_2026-07.pdf
2026-02,CLE-SD-WHT-40,9,1776.6,Monthly_Trading_Meeting_2026-02.pdf
2026-03,CLE-SD-WHT-40,12,2368.8,Monthly_Trading_Meeting_2026-03.pdf
2026-04,CLE-SD-WHT-40,9,1776.6,Monthly_Trading_Meeting_2026-04.pdf
2026-05,CLE-SD-WHT-40,10,1974.0,Monthly_Trading_Meeting_2026-05.pdf
2026-06,CLE-SD-WHT-40,13,2566.2,Monthly_Trading_Meeting_2026-06.pdf
2026-07,CLE-SD-WHT-40,9,1776.6,Monthly_Trading_Meeting_2026-07.pdf
2026-02,LUN-PD-GLD,394,66664.8,Monthly_Trading_Meeting_2026-02.pdf
2026-03,LUN-PD-GLD,489,82738.8,Monthly_Trading_Meeting_2026-03.pdf
2026-04,LUN-PD-GLD,389,65818.8,Monthly_Trading_Meeting_2026-04.pdf
2026-05,LUN-PD-GLD,466,78847.2,Monthly_Trading_Meeting_2026-05.pdf
2026-06,LUN-PD-GLD,639,108118.8,Monthly_Trading_Meeting_2026-06.pdf
2026-07,LUN-PD-GLD,389,65818.8,Monthly_Trading_Meeting_2026-07.pdf
2026-02,LUN-PD-SLV,300,46530.0,Monthly_Trading_Meeting_2026-02.pdf
2026-03,LUN-PD-SLV,372,57697.2,Monthly_Trading_Meeting_2026-03.pdf
2026-04,LUN-PD-SLV,296,45909.6,Monthly_Trading_Meeting_2026-04.pdf
2026-05,LUN-PD-SLV,318,49321.8,Monthly_Trading_Meeting_2026-05.pdf
2026-06,LUN-PD-SLV,412,63901.2,Monthly_Trading_Meeting_2026-06.pdf
2026-07,LUN-PD-SLV,296,45909.6,Monthly_Trading_Meeting_2026-07.pdf
2026-02,ORL-HP-GLD,480,63168.0,Monthly_Trading_Meeting_2026-02.pdf
2026-03,ORL-HP-GLD,595,78302.0,Monthly_Trading_Meeting_2026-03.pdf
2026-04,ORL-HP-GLD,473,62246.8,Monthly_Trading_Meeting_2026-04.pdf
2026-05,ORL-HP-GLD,568,74748.8,Monthly_Trading_Meeting_2026-05.pdf
2026-06,ORL-HP-GLD,778,102384.8,Monthly_Trading_Meeting_2026-06.pdf
2026-07,ORL-HP-GLD,473,62246.8,Monthly_Trading_Meeting_2026-07.pdf
2026-02,ORL-HP-SLV,369,45091.8,Monthly_Trading_Meeting_2026-02.pdf
2026-03,ORL-HP-SLV,457,55845.4,Monthly_Trading_Meeting_2026-03.pdf
2026-04,ORL-HP-SLV,363,44358.6,Monthly_Trading_Meeting_2026-04.pdf
2026-05,ORL-HP-SLV,390,47658.0,Monthly_Trading_Meeting_2026-05.pdf
2026-06,ORL-HP-SLV,506,61833.2,Monthly_Trading_Meeting_2026-06.pdf
2026-07,ORL-HP-SLV,363,44358.6,Monthly_Trading_Meeting_2026-07.pdf
2026-02,IVY-CF-GLD,172,38803.2,Monthly_Trading_Meeting_2026-02.pdf
2026-03,IVY-CF-GLD,213,48052.8,Monthly_Trading_Meeting_2026-03.pdf
2026-04,IVY-CF-GLD,169,38126.4,Monthly_Trading_Meeting_2026-04.pdf
2026-05,IVY-CF-GLD,182,41059.2,Monthly_Trading_Meeting_2026-05.pdf
2026-06,IVY-CF-GLD,235,53016.0,Monthly_Trading_Meeting_2026-06.pdf
2026-07,IVY-CF-GLD,169,38126.4,Monthly_Trading_Meeting_2026-07.pdf
2026-02,NOV-ST-GLD,407,42083.8,Monthly_Trading_Meeting_2026-02.pdf
2026-03,NOV-ST-GLD,505,52217.0,Monthly_Trading_Meeting_2026-03.pdf
2026-04,NOV-ST-GLD,401,41463.4,Monthly_Trading_Meeting_2026-04.pdf
2026-05,NOV-ST-GLD,431,44565.4,Monthly_Trading_Meeting_2026-05.pdf
2026-06,NOV-ST-GLD,559,57800.6,Monthly_Trading_Meeting_2026-06.pdf
2026-07,NOV-ST-GLD,401,41463.4,Monthly_Trading_Meeting_2026-07.pdf
2026-02,NOV-ST-SLV,317,29798.0,Monthly_Trading_Meeting_2026-02.pdf
2026-03,NOV-ST-SLV,393,36942.0,Monthly_Trading_Meeting_2026-03.pdf
2026-04,NOV-ST-SLV,313,29422.0,Monthly_Trading_Meeting_2026-04.pdf
2026-05,NOV-ST-SLV,336,31584.0,Monthly_Trading_Meeting_2026-05.pdf
2026-06,NOV-ST-SLV,436,40984.0,Monthly_Trading_Meeting_2026-06.pdf
2026-07,NOV-ST-SLV,313,29422.0,Monthly_Trading_Meeting_2026-07.pdf
2026-02,THE-CH-GLD,206,40664.4,Monthly_Trading_Meeting_2026-02.pdf
2026-03,THE-CH-GLD,255,50337.0,Monthly_Trading_Meeting_2026-03.pdf
2026-04,THE-CH-GLD,203,40072.2,Monthly_Trading_Meeting_2026-04.pdf
2026-05,THE-CH-GLD,218,43033.2,Monthly_Trading_Meeting_2026-05.pdf
2026-06,THE-CH-GLD,283,55864.2,Monthly_Trading_Meeting_2026-06.pdf
2026-07,THE-CH-GLD,203,40072.2,Monthly_Trading_Meeting_2026-07.pdf
2026-02,SOL-AV-GLD,232,42525.6,Monthly_Trading_Meeting_2026-02.pdf
2026-03,SOL-AV-GLD,287,52607.1,Monthly_Trading_Meeting_2026-03.pdf
2026-04,SOL-AV-GLD,228,41792.4,Monthly_Trading_Meeting_2026-04.pdf
2026-05,SOL-AV-GLD,245,44908.5,Monthly_Trading_Meeting_2026-05.pdf
2026-06,SOL-AV-GLD,318,58289.4,Monthly_Trading_Meeting_2026-06.pdf
2026-07,SOL-AV-GLD,228,41792.4,Monthly_Trading_Meeting_2026-07.pdf
2026-02,SOL-AV-BLK,189,34643.7,Monthly_Trading_Meeting_2026-02.pdf
2026-03,SOL-AV-BLK,234,42892.2,Monthly_Trading_Meeting_2026-03.pdf
2026-04,SOL-AV-BLK,186,34093.8,Monthly_Trading_Meeting_2026-04.pdf
2026-05,SOL-AV-BLK,200,36660.0,Monthly_Trading_Meeting_2026-05.pdf
2026-06,SOL-AV-BLK,259,47474.7,Monthly_Trading_Meeting_2026-06.pdf
2026-07,SOL-AV-BLK,186,34093.8,Monthly_Trading_Meeting_2026-07.pdf
2026-02,MIR-CE-BLK,214,42243.6,Monthly_Trading_Meeting_2026-02.pdf
2026-03,MIR-CE-BLK,266,52508.4,Monthly_Trading_Meeting_2026-03.pdf
2026-04,MIR-CE-BLK,211,41651.4,Monthly_Trading_Meeting_2026-04.pdf
2026-05,MIR-CE-BLK,227,44809.8,Monthly_Trading_Meeting_2026-05.pdf
2026-06,MIR-CE-BLK,294,58035.6,Monthly_Trading_Meeting_2026-06.pdf
2026-07,MIR-CE-BLK,211,41651.4,Monthly_Trading_Meeting_2026-07.pdf
2026-02,MIR-CE-TOR,142,28030.8,Monthly_Trading_Meeting_2026-02.pdf
2026-03,MIR-CE-TOR,175,34545.0,Monthly_Trading_Meeting_2026-03.pdf
2026-04,MIR-CE-TOR,139,27438.6,Monthly_Trading_Meeting_2026-04.pdf
2026-05,MIR-CE-TOR,150,29610.0,Monthly_Trading_Meeting_2026-05.pdf
2026-06,MIR-CE-TOR,194,38295.6,Monthly_Trading_Meeting_2026-06.pdf
2026-07,MIR-CE-TOR,139,27438.6,Monthly_Trading_Meeting_2026-07.pdf
2026-02,KAI-RD-GLD,154,26780.6,Monthly_Trading_Meeting_2026-02.pdf
2026-03,KAI-RD-GLD,191,33214.9,Monthly_Trading_Meeting_2026-03.pdf
2026-04,KAI-RD-GLD,152,26432.8,Monthly_Trading_Meeting_2026-04.pdf
2026-05,KAI-RD-GLD,163,28345.7,Monthly_Trading_Meeting_2026-05.pdf
2026-06,KAI-RD-GLD,212,36866.8,Monthly_Trading_Meeting_2026-06.pdf
2026-07,KAI-RD-GLD,152,26432.8,Monthly_Trading_Meeting_2026-07.pdf
2026-02,KAI-RD-BLK,124,21563.6,Monthly_Trading_Meeting_2026-02.pdf
2026-03,KAI-RD-BLK,154,26780.6,Monthly_Trading_Meeting_2026-03.pdf
2026-04,KAI-RD-BLK,122,21215.8,Monthly_Trading_Meeting_2026-04.pdf
2026-05,KAI-RD-BLK,132,22954.8,Monthly_Trading_Meeting_2026-05.pdf
2026-06,KAI-RD-BLK,171,29736.9,Monthly_Trading_Meeting_2026-06.pdf
2026-07,KAI-RD-BLK,122,21215.8,Monthly_Trading_Meeting_2026-07.pdf
2026-02,ROW-BT-BLK,274,38634.0,Monthly_Trading_Meeting_2026-02.pdf
2026-03,ROW-BT-BLK,340,47940.0,Monthly_Trading_Meeting_2026-03.pdf
2026-04,ROW-BT-BLK,270,38070.0,Monthly_Trading_Meeting_2026-04.pdf
2026-05,ROW-BT-BLK,291,41031.0,Monthly_Trading_Meeting_2026-05.pdf
2026-06,ROW-BT-BLK,377,53157.0,Monthly_Trading_Meeting_2026-06.pdf
2026-07,ROW-BT-BLK,270,38070.0,Monthly_Trading_Meeting_2026-07.pdf
2026-02,ROW-BT-TAN,214,30174.0,Monthly_Trading_Meeting_2026-02.pdf
2026-03,ROW-BT-TAN,266,37506.0,Monthly_Trading_Meeting_2026-03.pdf
2026-04,ROW-BT-TAN,211,29751.0,Monthly_Trading_Meeting_2026-04.pdf
2026-05,ROW-BT-TAN,227,32007.0,Monthly_Trading_Meeting_2026-05.pdf
2026-06,ROW-BT-TAN,294,41454.0,Monthly_Trading_Meeting_2026-06.pdf
2026-07,ROW-BT-TAN,211,29751.0,Monthly_Trading_Meeting_2026-07.pdf
2026-02,QUI-CH-BLK,386,39912.4,Monthly_Trading_Meeting_2026-02.pdf
2026-03,QUI-CH-BLK,478,49425.2,Monthly_Trading_Meeting_2026-03.pdf
2026-04,QUI-CH-BLK,380,39292.0,Monthly_Trading_Meeting_2026-04.pdf
2026-05,QUI-CH-BLK,456,47150.4,Monthly_Trading_Meeting_2026-05.pdf
2026-06,QUI-CH-BLK,625,64625.0,Monthly_Trading_Meeting_2026-06.pdf
2026-07,QUI-CH-BLK,380,39292.0,Monthly_Trading_Meeting_2026-07.pdf
2026-02,QUI-CH-TAN,257,26573.8,Monthly_Trading_Meeting_2026-02.pdf
2026-03,QUI-CH-TAN,319,32984.6,Monthly_Trading_Meeting_2026-03.pdf
2026-04,QUI-CH-TAN,253,26160.2,Monthly_Trading_Meeting_2026-04.pdf
2026-05,QUI-CH-TAN,272,28124.8,Monthly_Trading_Meeting_2026-05.pdf
2026-06,QUI-CH-TAN,353,36500.2,Monthly_Trading_Meeting_2026-06.pdf
2026-07,QUI-CH-TAN,253,26160.2,Monthly_Trading_Meeting_2026-07.pdf
2026-02,FAY-WL-BLK,236,42149.6,Monthly_Trading_Meeting_2026-02.pdf
2026-03,FAY-WL-BLK,292,52151.2,Monthly_Trading_Meeting_2026-03.pdf
2026-04,FAY-WL-BLK,232,41435.2,Monthly_Trading_Meeting_2026-04.pdf
2026-05,FAY-WL-BLK,250,44650.0,Monthly_Trading_Meeting_2026-05.pdf
2026-06,FAY-WL-BLK,324,57866.4,Monthly_Trading_Meeting_2026-06.pdf
2026-07,FAY-WL-BLK,232,41435.2,Monthly_Trading_Meeting_2026-07.pdf
2026-02,FAY-WL-TAN,163,29111.8,Monthly_Trading_Meeting_2026-02.pdf
2026-03,FAY-WL-TAN,202,36077.2,Monthly_Trading_Meeting_2026-03.pdf
2026-04,FAY-WL-TAN,160,28576.0,Monthly_Trading_Meeting_2026-04.pdf
2026-05,FAY-WL-TAN,173,30897.8,Monthly_Trading_Meeting_2026-05.pdf
2026-06,FAY-WL-TAN,224,40006.4,Monthly_Trading_Meeting_2026-06.pdf
2026-07,FAY-WL-TAN,160,28576.0,Monthly_Trading_Meeting_2026-07.pdf
2026-02,IRI-PC-BLK,202,18038.6,Monthly_Trading_Meeting_2026-02.pdf
2026-03,IRI-PC-BLK,250,22325.0,Monthly_Trading_Meeting_2026-03.pdf
2026-04,IRI-PC-BLK,198,17681.4,Monthly_Trading_Meeting_2026-04.pdf
2026-05,IRI-PC-BLK,213,19020.9,Monthly_Trading_Meeting_2026-05.pdf
2026-06,IRI-PC-BLK,277,24736.1,Monthly_Trading_Meeting_2026-06.pdf
2026-07,IRI-PC-BLK,198,17681.4,Monthly_Trading_Meeting_2026-07.pdf
2026-02,TIL-CM-GLD,506,30916.6,Monthly_Trading_Meeting_2026-02.pdf
2026-03,TIL-CM-GLD,627,38309.7,Monthly_Trading_Meeting_2026-03.pdf
2026-04,TIL-CM-GLD,498,30427.8,Monthly_Trading_Meeting_2026-04.pdf
2026-05,TIL-CM-GLD,598,36537.8,Monthly_Trading_Meeting_2026-05.pdf
2026-06,TIL-CM-GLD,819,50040.9,Monthly_Trading_Meeting_2026-06.pdf
2026-07,TIL-CM-GLD,498,30427.8,Monthly_Trading_Meeting_2026-07.pdf
2026-02,TIL-CM-MIX,377,23034.7,Monthly_Trading_Meeting_2026-02.pdf
2026-03,TIL-CM-MIX,468,28594.8,Monthly_Trading_Meeting_2026-03.pdf
2026-04,TIL-CM-MIX,372,22729.2,Monthly_Trading_Meeting_2026-04.pdf
2026-05,TIL-CM-MIX,399,24378.9,Monthly_Trading_Meeting_2026-05.pdf
2026-06,TIL-CM-MIX,518,31649.8,Monthly_Trading_Meeting_2026-06.pdf
2026-07,TIL-CM-MIX,372,22729.2,Monthly_Trading_Meeting_2026-07.pdf
2026-02,BO-TSL-TAN,309,15975.3,Monthly_Trading_Meeting_2026-02.pdf
2026-03,BO-TSL-TAN,383,19801.1,Monthly_Trading_Meeting_2026-03.pdf
2026-04,BO-TSL-TAN,304,15716.8,Monthly_Trading_Meeting_2026-04.pdf
2026-05,BO-TSL-TAN,327,16905.9,Monthly_Trading_Meeting_2026-05.pdf
2026-06,BO-TSL-TAN,424,21920.8,Monthly_Trading_Meeting_2026-06.pdf
2026-07,BO-TSL-TAN,304,15716.8,Monthly_Trading_Meeting_2026-07.pdf
